Transaktionen,Header,DataDiscriminator,Vermögenswertkategorie,Währung,Symbol,Datum/Zeit,Menge,T.-Kurs,Schlussk.,Erlös,Prov./Gebühr,Basis,Realisierter G&V,MTM-G&V,Code
"Transaktionen,Data,Order,Aktien,EUR,BEId,""2024-01-10, 07:25:09"",20,137.6,138.05,-2752,-4,2756,0,9,O"
"Transaktionen,Data,Order,Aktien,EUR,BEId,""2024-01-23, 06:24:00"",-20,133.55,134.6,2671,-2.671,-2756,-87.671,-21,C"
Transaktionen,SubTotal,,Aktien,EUR,BEId,,0,,,-81,-6.671,0,-87.671,-12,
"Transaktionen,Data,Order,Aktien,EUR,DBKd,""2024-01-10, 07:23:51"",70,12.722,12.75,-890.54,-2,892.54,0,1.96,O"
"Transaktionen,Data,Order,Aktien,EUR,DBKd,""2024-01-11, 04:04:49"",-70,12.36,12.2,865.2,-2,-892.54,-29.34,11.2,C;IA"
Transaktionen,SubTotal,,Aktien,EUR,DBKd,,0,,,-25.34,-4,0,-29.34,13.16,
"Transaktionen,Data,Order,Aktien,EUR,ENR,""2024-03-21, 10:58:00"",80,15.915,15.855,-1273.2,-4,1277.2,0,-4.8,O"
"Transaktionen,Data,Order,Aktien,EUR,ENR,""2024-04-11, 03:01:49"",-80,17.555,17.42,1404.4,-2,-1277.2,125.2,10.8,C;IA"
Transaktionen,SubTotal,,Aktien,EUR,ENR,,0,,,131.2,-6,0,125.2,6,
"Transaktionen,Data,Order,Aktien,EUR,HLEd,""2023-12-07, 08:34:23"",9,81.3,81.2,-731.7,-4,735.7,0,-0.9,O"
"Transaktionen,Data,Order,Aktien,EUR,HLEd,""2024-02-16, 03:28:03"",-9,79,80.8,711,-2,-735.7,-26.7,-16.2,C"
Transaktionen,SubTotal,,Aktien,EUR,HLEd,,0,,,-20.7,-6,0,-26.7,-17.1,
"Transaktionen,Data,Order,Aktien,EUR,IDL,""2024-03-15, 04:00:16"",4,342,336,-1368,-2,1370,0,-24,O"
"Transaktionen,Data,Order,Aktien,EUR,IDL,""2024-03-21, 10:18:36"",-4,330,329,1320,-2,-1370,-52,4,C"
Transaktionen,SubTotal,,Aktien,EUR,IDL,,0,,,-48,-4,0,-52,-20,
"Transaktionen,Data,Order,Aktien,EUR,MTXd,""2024-01-24, 10:07:12"",8,217.3,217.7,-1738.4,-2,1740.4,0,3.2,O"
"Transaktionen,Data,Order,Aktien,EUR,MTXd,""2024-02-22, 03:02:47"",-8,213,216.1,1704,-4,-1740.4,-40.4,-24.8,C"
Transaktionen,SubTotal,,Aktien,EUR,MTXd,,0,,,-34.4,-6,0,-40.4,-21.6,
"Transaktionen,Data,Order,Aktien,EUR,MUV2d,""2023-12-08, 03:27:14"",3,389.1,391.3,-1167.3,-4,1171.3,0,6.6,O"
"Transaktionen,Data,Order,Aktien,EUR,MUV2d,""2023-12-14, 09:56:08"",-3,379.3,376.6,1137.9,-2,-1171.3,-35.4,8.1,C;IA"
Transaktionen,SubTotal,,Aktien,EUR,MUV2d,,0,,,-29.4,-6,0,-35.4,14.7,
"Transaktionen,Data,Order,Aktien,EUR,MUXd,""2023-12-12, 04:54:19"",25,31.95,32.8,-798.75,-4,802.75,0,21.25,O"
"Transaktionen,Data,Order,Aktien,EUR,MUXd,""2024-02-09, 03:15:02"",-25,35.15,35.9,878.75,-2,-802.75,74,-18.75,C"
Transaktionen,SubTotal,,Aktien,EUR,MUXd,,0,,,80,-6,0,74,2.5,
"Transaktionen,Data,Order,Aktien,EUR,SFQd,""2024-01-10, 07:32:34"",80,15.06,15.16,-1204.8,-4,1208.8,0,8,O;P"
"Transaktionen,Data,Order,Aktien,EUR,SFQd,""2024-03-18, 11:59:11"",-80,17.67,17.7,1413.6,-2,-1208.8,202.8,-2.4,C;IM;P"
Transaktionen,SubTotal,,Aktien,EUR,SFQd,,0,,,208.8,-6,0,202.8,5.6,
"Transaktionen,Data,Order,Aktien,EUR,SHAd,""2024-03-21, 11:09:20"",-100,6.08,6.16,608,-2,-606,0,-8,O"
"Transaktionen,Data,Order,Aktien,EUR,SHAd,""2024-03-22, 05:21:51"",100,6.16,6.185,-616,-2,606,-12,2.5,C;IA"
Transaktionen,SubTotal,,Aktien,EUR,SHAd,,0,,,-8,-4,0,-12,-5.5,
Transaktionen,Total,,Aktien,EUR,,,,,,173.16,-54.671,0,118.489,-34.24,
"Transaktionen,Data,Order,Aktien,USD,AGO,""2024-01-03, 10:05:55"",20,74.825,74.2,-1496.5,-2,1498.5,0,-12.5,O"
"Transaktionen,Data,Order,Aktien,USD,AGO,""2024-03-22, 12:57:06"",-20,89.258,89.58,1785.16,-2,-1498.5,284.66,-6.44,C;P"
Transaktionen,SubTotal,,Aktien,USD,AGO,,0,,,288.66,-4,0,284.66,-18.94,
"Transaktionen,Data,Order,Aktien,USD,AIG,""2024-01-03, 10:02:52"",24,68.89,68.61,-1653.36,-2,1655.36,0,-6.72,O"
"Transaktionen,Data,Order,Aktien,USD,AIG,""2024-02-20, 15:57:27"",-24,68.062,68.13,1633.488,-2,-1655.36,-23.872,-1.632,C"
Transaktionen,SubTotal,,Aktien,USD,AIG,,0,,,-19.872,-4,0,-23.872,-8.352,
"Transaktionen,Data,Order,Aktien,USD,AIZ,""2024-01-03, 10:03:05"",9,173.185,169.99,-1558.665,-2,1560.665,0,-28.755,O"
"Transaktionen,Data,Order,Aktien,USD,AIZ,""2024-01-23, 12:36:34"",-9,169.04,169.15,1521.36,-2,-1560.665,-41.305,-0.99,C"
Transaktionen,SubTotal,,Aktien,USD,AIZ,,0,,,-37.305,-4,0,-41.305,-29.745,
"Transaktionen,Data,Order,Aktien,USD,ALL,""2023-12-08, 11:07:04"",12,138.935,139.32,-1667.22,-2,1669.22,0,4.62,O;P"
"Transaktionen,Data,Order,Aktien,USD,ALL,""2024-04-09, 10:43:07"",-12,168.47,168.33,2021.64,-2,-1669.22,350.42,1.68,C"
Transaktionen,SubTotal,,Aktien,USD,ALL,,0,,,354.42,-4,0,350.42,6.3,
"Transaktionen,Data,Order,Aktien,USD,AMD,""2024-02-15, 15:48:11"",10,176.79,176.76,-1767.9,-2,1769.9,0,-0.3,O"
"Transaktionen,Data,Order,Aktien,USD,AMD,""2024-02-20, 09:39:48"",-10,167.08,165.69,1670.8,-2,-1769.9,-101.1,13.9,C"
Transaktionen,SubTotal,,Aktien,USD,AMD,,0,,,-97.1,-4,0,-101.1,13.6,
"Transaktionen,Data,Order,Aktien,USD,ANET,""2024-02-15, 15:45:59"",8,265.72,266.5,-2125.76,-2,2127.76,0,6.24,O"
"Transaktionen,Data,Order,Aktien,USD,ANET,""2024-03-08, 11:27:15"",-8,277.62,273.11,2220.96,-2,-2127.76,91.2,36.08,C"
Transaktionen,SubTotal,,Aktien,USD,ANET,,0,,,95.2,-4,0,91.2,42.32,
"Transaktionen,Data,Order,Aktien,USD,ANF,""2023-12-08, 11:06:21"",10,78.16,78.65,-781.6,-2,783.6,0,4.9,O"
"Transaktionen,Data,Order,Aktien,USD,ANF,""2023-12-18, 11:12:10"",5,86.07,86.67,-430.35,-2,432.35,0,3,O"
"Transaktionen,Data,Order,Aktien,USD,ANF,""2024-01-03, 10:02:49"",-6,89.78,88.76,538.68,-2,-470.16,66.52,6.12,C;P"
"Transaktionen,Data,Order,Aktien,USD,ANF,""2024-03-07, 13:05:43"",-9,126.85,127.78,1141.65,-2,-745.79,393.86,-8.37,C"
Transaktionen,SubTotal,,Aktien,USD,ANF,,0,,,468.38,-8,0,460.38,5.65,
"Transaktionen,Data,Order,Aktien,USD,AVPT,""2023-11-30, 12:16:45"",100,8.175,8.19,-817.5,-2,819.5,0,1.5,O"
"Transaktionen,Data,Order,Aktien,USD,AVPT,""2024-01-03, 10:02:50"",20,7.885,7.78,-157.7,-2,159.7,0,-2.1,O"
"Transaktionen,Data,Order,Aktien,USD,AVPT,""2024-01-17, 09:59:39"",-120,7.812,7.93,937.44,-2,-979.2,-43.76,-14.16,C"
Transaktionen,SubTotal,,Aktien,USD,AVPT,,0,,,-37.76,-6,0,-43.76,-14.76,
"Transaktionen,Data,Order,Aktien,USD,BRBR,""2023-11-30, 12:17:36"",21,52.19,52.9,-1095.99,-2,1097.99,0,14.91,O"
"Transaktionen,Data,Order,Aktien,USD,BRBR,""2024-01-03, 10:02:49"",3,51.13,51.37,-153.39,-2,155.39,0,0.72,O"
"Transaktionen,Data,Order,Aktien,USD,BRBR,""2024-02-15, 10:38:19"",-24,57.918,58.01,1390.032,-2,-1253.38,134.652,-2.208,C"
Transaktionen,SubTotal,,Aktien,USD,BRBR,,0,,,140.652,-6,0,134.652,13.422,
"Transaktionen,Data,Order,Aktien,USD,CBOE,""2023-11-30, 12:16:45"",11,180.65,182.19,-1987.15,-2,1989.15,0,16.94,O"
"Transaktionen,Data,Order,Aktien,USD,CBOE,""2023-12-14, 09:41:14"",-11,171.44,172.28,1885.84,-2,-1989.15,-105.31,-9.24,C"
"Transaktionen,Data,Order,Aktien,USD,CBOE,""2023-12-18, 11:17:20"",15,176.08,174.99,-2641.2,-2,2643.2,0,-16.35,O"
"Transaktionen,Data,Order,Aktien,USD,CBOE,""2023-12-21, 10:36:08"",-1,176.245,176.11,176.245,-2,-176.213333,-1.968333,0.135,C"
"Transaktionen,Data,Order,Aktien,USD,CBOE,""2024-01-03, 10:02:49"",-4,177.205,174.88,708.82,-2,-704.853333,1.966667,9.3,C"
"Transaktionen,Data,Order,Aktien,USD,CBOE,""2024-01-29, 09:38:14"",-10,185.22,183.5,1852.2,-2,-1762.133334,88.066666,17.2,C"
Transaktionen,SubTotal,,Aktien,USD,CBOE,,0,,,-5.245,-12,0,-17.245,17.985,
"Transaktionen,Data,Order,Aktien,USD,CDRE,""2023-11-30, 12:18:34"",31,32.48,32.2,-1006.88,-2,1008.88,0,-8.68,O;P"
"Transaktionen,Data,Order,Aktien,USD,CDRE,""2023-12-12, 11:40:07"",30,31.979,32.37,-959.37,-2,961.37,0,11.73,O;P"
"Transaktionen,Data,Order,Aktien,USD,CDRE,""2023-12-12, 12:01:36"",-31,32.03,32.37,992.93,-2,-1008.88,-17.949999,-10.54,C"
"Transaktionen,Data,Order,Aktien,USD,CDRE,""2024-01-03, 10:03:57"",6,32.27,31.53,-193.62,-2,195.62,0,-4.44,O;P"
"Transaktionen,Data,Order,Aktien,USD,CDRE,""2024-03-14, 10:10:44"",-36,36.39,35.6,1310.04,-2,-1156.99,151.049998,28.44,C"
Transaktionen,SubTotal,,Aktien,USD,CDRE,,0,,,143.1,-10,0,133.099999,16.51,
"Transaktionen,Data,Order,Aktien,USD,CHKP,""2024-02-15, 15:41:16"",30,163.825,164.24,-4914.75,-2,4916.75,0,12.45,O"
"Transaktionen,Data,Order,Aktien,USD,CHKP,""2024-02-20, 09:42:38"",-20,161.48,160.1,3229.6,-2,-3277.833333,-50.233333,27.6,C"
"Transaktionen,Data,Order,Aktien,USD,CHKP,""2024-02-21, 09:30:01"",-20,151.21,154.87,3024.2,-2,-3151.016667,-128.816667,-73.2,C;O;P"
"Transaktionen,Data,Order,Aktien,USD,CHKP,""2024-02-21, 09:34:38"",20,150.065,154.87,-3001.3,-2,1512.1,10.45,96.1,C;O"
"Transaktionen,Data,Order,Aktien,USD,CHKP,""2024-02-21, 09:50:51"",-20,150.1975,154.87,3003.95,-2,-3002.75,-0.8,-93.45,C;O;P"
"Transaktionen,Data,Order,Aktien,USD,CHKP,""2024-02-21, 11:46:30"",20,153.87,154.87,-3077.4,-2,1501.1,-38.6,20,C;O"
"Transaktionen,Data,Order,Aktien,USD,CHKP,""2024-03-05, 10:18:36"",-10,156.18,157.84,1561.8,-2,-1539.7,20.1,-16.6,C"
Transaktionen,SubTotal,,Aktien,USD,CHKP,,0,,,-173.9,-14,-3041.35,-187.9,-27.1,
"Transaktionen,Data,Order,Aktien,USD,CNM,""2024-02-29, 15:15:12"",50,47.4,47.73,-2370,-2,2372,0,16.5,O"
"Transaktionen,Data,Order,Aktien,USD,CNM,""2024-03-27, 10:48:23"",-50,56.85,56.77,2842.5,-2,-2372,468.5,4,C"
Transaktionen,SubTotal,,Aktien,USD,CNM,,0,,,472.5,-4,0,468.5,20.5,
"Transaktionen,Data,Order,Aktien,USD,CRH,""2024-02-29, 11:23:20"",20,82.895,84.31,-1657.9,-2,1659.9,0,28.3,O"
"Transaktionen,Data,Order,Aktien,USD,CRH,""2024-03-11, 09:58:13"",-20,80.49,82.29,1609.8,-2,-1659.9,-52.1,-36,C"
"Transaktionen,Data,Order,Aktien,USD,CRH,""2024-03-20, 11:31:26"",30,84.9,86.07,-2547,-2,2549,0,35.1,O"
"Transaktionen,Data,Order,Aktien,USD,CRH,""2024-04-01, 15:51:36"",-30,84.972,84.86,2549.16,-2,-2549,-1.84,3.36,C"
Transaktionen,SubTotal,,Aktien,USD,CRH,,0,,,-45.94,-8,0,-53.94,30.76,
"Transaktionen,Data,Order,Aktien,USD,CRWD,""2023-12-08, 11:06:22"",5,240.265,242.55,-1201.325,-2,1203.325,0,11.425,O"
"Transaktionen,Data,Order,Aktien,USD,CRWD,""2024-02-13, 09:30:04"",-5,302.41,322.44,1512.05,-2,-1203.325,306.725,-100.15,C"
"Transaktionen,Data,Order,Aktien,USD,CRWD,""2024-03-07, 10:21:15"",-3,323.18,329.68,969.54,-2,-967.54,0,-19.5,O"
"Transaktionen,Data,Order,Aktien,USD,CRWD,""2024-03-08, 09:49:00"",3,332.35,322.85,-997.05,-2,967.54,-31.51,-28.5,C"
Transaktionen,SubTotal,,Aktien,USD,CRWD,,0,,,283.215,-8,0,275.215,-136.725,
"Transaktionen,Data,Order,Aktien,USD,CXW,""2023-11-30, 12:16:45"",64,14.655,14.47,-937.92,-2,939.92,0,-11.84,O"
"Transaktionen,Data,Order,Aktien,USD,CXW,""2023-12-12, 09:30:30"",-64,13.515,13.89,864.96,-2,-939.92,-76.96,-24,C"
Transaktionen,SubTotal,,Aktien,USD,CXW,,0,,,-72.96,-4,0,-76.96,-35.84,
"Transaktionen,Data,Order,Aktien,USD,CYBR,""2024-02-06, 11:59:24"",13,236.4,239.86,-3073.2,-2,3075.2,0,44.98,O"
"Transaktionen,Data,Order,Aktien,USD,CYBR,""2024-02-20, 09:30:05"",-13,255.63,250,3323.19,-2,-3075.2,245.99,73.19,C"
Transaktionen,SubTotal,,Aktien,USD,CYBR,,0,,,249.99,-4,0,245.99,118.17,
"Transaktionen,Data,Order,Aktien,USD,EDU,""2023-11-30, 12:16:51"",10,81.33,81.38,-813.3,-2,815.3,0,0.5,O"
"Transaktionen,Data,Order,Aktien,USD,EDU,""2023-12-05, 11:38:53"",-10,75.66,76.07,756.6,-2,-815.3,-60.7,-4.1,C"
Transaktionen,SubTotal,,Aktien,USD,EDU,,0,,,-56.7,-4,0,-60.7,-3.6,
"Transaktionen,Data,Order,Aktien,USD,ENSG,""2024-01-18, 10:17:30"",10,115.09,116,-1150.9,-2,1152.9,0,9.1,O"
"Transaktionen,Data,Order,Aktien,USD,ENSG,""2024-03-01, 15:12:36"",-10,120.9,121.9,1209,-2,-1152.9,54.1,-10,C"
Transaktionen,SubTotal,,Aktien,USD,ENSG,,0,,,58.1,-4,0,54.1,-0.9,
"Transaktionen,Data,Order,Aktien,USD,ETN,""2024-04-03, 11:14:46"",6,321.245,320.94,-1927.47,-2,1929.47,0,-1.83,O"
"Transaktionen,Data,Order,Aktien,USD,ETN,""2024-04-03, 11:15:33"",6,321.225,320.94,-1927.35,-2,1929.35,0,-1.71,O"
"Transaktionen,Data,Order,Aktien,USD,ETN,""2024-04-04, 14:27:21"",-6,321.66,320.16,1929.96,-2,-1929.47,-1.51,9,C"
"Transaktionen,Data,Order,Aktien,USD,ETN,""2024-04-09, 10:34:42"",-6,314.894,313.87,1889.364,-2,-1929.35,-41.986,6.144,C"
Transaktionen,SubTotal,,Aktien,USD,ETN,,0,,,-35.496,-8,0,-43.496,11.604,
"Transaktionen,Data,Order,Aktien,USD,EXP,""2024-04-03, 11:32:15"",5,265.49,265.93,-1327.45,-2,1329.45,0,2.2,O"
"Transaktionen,Data,Order,Aktien,USD,EXP,""2024-04-09, 14:00:31"",-5,258.02,259.19,1290.1,-2,-1329.45,-41.35,-5.85,C"
Transaktionen,SubTotal,,Aktien,USD,EXP,,0,,,-37.35,-4,0,-41.35,-3.65,
"Transaktionen,Data,Order,Aktien,USD,FAST,""2024-01-24, 09:42:52"",20,69.04,68.84,-1380.8,-2,1382.8,0,-4,O"
"Transaktionen,Data,Order,Aktien,USD,FAST,""2024-04-02, 12:11:40"",-20,76.15,76.3,1523,-2,-1382.8,138.2,-3,C"
Transaktionen,SubTotal,,Aktien,USD,FAST,,0,,,142.2,-4,0,138.2,-7,
"Transaktionen,Data,Order,Aktien,USD,FTAI,""2024-02-07, 10:45:30"",22,55.2,53.83,-1214.4,-2,1216.4,0,-30.14,O"
"Transaktionen,Data,Order,Aktien,USD,FTAI,""2024-02-13, 09:30:03"",-22,52.56,52.97,1156.32,-2,-1216.4,-62.08,-9.02,C"
Transaktionen,SubTotal,,Aktien,USD,FTAI,,0,,,-58.08,-4,0,-62.08,-39.16,
"Transaktionen,Data,Order,Aktien,USD,GEO,""2023-11-30, 12:16:45"",80,10.42,10.15,-833.6,-2,835.6,0,-21.6,O;P"
"Transaktionen,Data,Order,Aktien,USD,GEO,""2024-01-03, 10:02:49"",4,10.715,10.76,-42.86,-2,44.86,0,0.18,O"
"Transaktionen,Data,Order,Aktien,USD,GEO,""2024-01-25, 15:47:48"",-84,11.21,11.28,941.64,-2,-880.46,59.18,-5.88,C"
Transaktionen,SubTotal,,Aktien,USD,GEO,,0,,,65.18,-6,0,59.18,-27.3,
"Transaktionen,Data,Order,Aktien,USD,GHC,""2024-01-31, 15:05:00"",2,728.34,720.4,-1456.68,-2,1458.68,0,-15.88,O"
"Transaktionen,Data,Order,Aktien,USD,GHC,""2024-02-05, 09:37:10"",-2,698,707.15,1396,-2,-1458.68,-64.68,-18.3,C"
Transaktionen,SubTotal,,Aktien,USD,GHC,,0,,,-60.68,-4,0,-64.68,-34.18,
"Transaktionen,Data,Order,Aktien,USD,GMS,""2024-03-01, 10:23:43"",25,91.15,90.57,-2278.75,-2,2280.75,0,-14.5,O"
"Transaktionen,Data,Order,Aktien,USD,GMS,""2024-03-07, 11:09:30"",-25,89.66,90.58,2241.5,-2,-2280.75,-41.25,-23,C"
Transaktionen,SubTotal,,Aktien,USD,GMS,,0,,,-37.25,-4,0,-41.25,-37.5,
"Transaktionen,Data,Order,Aktien,USD,GPOR,""2023-11-30, 12:17:10"",8,134.825,137.04,-1078.6,-2,1080.6,0,17.72,O"
"Transaktionen,Data,Order,Aktien,USD,GPOR,""2024-01-08, 09:30:03"",-8,123.24125,125.86,985.93,-2,-1080.6,-96.67,-20.95,C;P"
Transaktionen,SubTotal,,Aktien,USD,GPOR,,0,,,-92.67,-4,0,-96.67,-3.23,
"Transaktionen,Data,Order,Aktien,USD,GWW,""2024-01-18, 10:48:25"",1,873.74,872.2,-873.74,-2,875.74,0,-1.54,O"
"Transaktionen,Data,Order,Aktien,USD,GWW,""2024-01-25, 11:33:35"",1,880.4,881.45,-880.4,-2,882.4,0,1.05,O"
"Transaktionen,Data,Order,Aktien,USD,GWW,""2024-03-11, 09:46:26"",-2,961.75,963.99,1923.5,-2,-1758.14,163.36,-4.48,C"
Transaktionen,SubTotal,,Aktien,USD,GWW,,0,,,169.36,-6,0,163.36,-4.97,
"Transaktionen,Data,Order,Aktien,USD,HCA,""2024-03-07, 10:12:33"",4,327.28,324.66,-1309.12,-2,1311.12,0,-10.48,O"
"Transaktionen,Data,Order,Aktien,USD,HCA,""2024-04-04, 15:42:51"",-4,324.75,325.17,1299,-2,-1311.12,-14.12,-1.68,C"
Transaktionen,SubTotal,,Aktien,USD,HCA,,0,,,-10.12,-4,0,-14.12,-12.16,
"Transaktionen,Data,Order,Aktien,USD,HCC,""2024-01-18, 10:35:11"",18,66.3,67.46,-1193.4,-2,1195.4,0,20.88,O"
"Transaktionen,Data,Order,Aktien,USD,HCC,""2024-02-05, 09:54:37"",-18,61.75,60.93,1111.5,-2,-1195.4,-85.9,14.76,C"
Transaktionen,SubTotal,,Aktien,USD,HCC,,0,,,-81.9,-4,0,-85.9,35.64,
"Transaktionen,Data,Order,Aktien,USD,HIG,""2024-02-07, 10:42:21"",20,89.88,89.85,-1797.6,-2,1799.6,0,-0.6,O"
"Transaktionen,Data,Order,Aktien,USD,HIG,""2024-04-09, 10:38:43"",-20,100.35,98.87,2007,-2,-1799.6,205.4,29.6,C"
Transaktionen,SubTotal,,Aktien,USD,HIG,,0,,,209.4,-4,0,205.4,29,
"Transaktionen,Data,Order,Aktien,USD,HLT,""2024-03-26, 12:57:42"",8,213.125,213.04,-1705,-2,1707,0,-0.68,O"
"Transaktionen,Data,Order,Aktien,USD,HLT,""2024-04-04, 14:44:37"",-8,210.11,208.79,1680.88,-2,-1707,-28.12,10.56,C"
Transaktionen,SubTotal,,Aktien,USD,HLT,,0,,,-24.12,-4,0,-28.12,9.88,
"Transaktionen,Data,Order,Aktien,USD,HMN,""2023-12-12, 11:41:26"",30,33.59,33.45,-1007.7,-2,1009.7,0,-4.2,O"
"Transaktionen,Data,Order,Aktien,USD,HMN,""2023-12-21, 11:00:36"",-30,32.185,32.53,965.55,-2,-1009.7,-46.15,-10.35,C"
Transaktionen,SubTotal,,Aktien,USD,HMN,,0,,,-42.15,-4,0,-46.15,-14.55,
"Transaktionen,Data,Order,Aktien,USD,HNI,""2023-11-30, 12:18:05"",38,38.915,39.07,-1478.77,-2,1480.77,0,5.89,O"
"Transaktionen,Data,Order,Aktien,USD,HNI,""2024-02-05, 09:35:29"",-38,40.3,40.51,1531.4,-2,-1480.77,48.63,-7.98,C"
Transaktionen,SubTotal,,Aktien,USD,HNI,,0,,,52.63,-4,0,48.63,-2.09,
"Transaktionen,Data,Order,Aktien,USD,HOLI,""2023-11-30, 12:36:39"",52,22.837115385,22.8,-1187.53,-2,1189.53,0,-1.93,O;P"
"Transaktionen,Data,Order,Aktien,USD,HOLI,""2024-01-31, 09:57:14"",-52,24.7038,24.74,1284.5976,-2,-1189.53,93.067601,-1.8824,C"
Transaktionen,SubTotal,,Aktien,USD,HOLI,,0,,,97.0676,-4,0,93.067601,-3.8124,
"Transaktionen,Data,Order,Aktien,USD,HRB,""2023-11-30, 12:17:00"",28,45.946785714,45.42,-1286.51,-2,1288.51,0,-14.75,O;P"
"Transaktionen,Data,Order,Aktien,USD,HRB,""2024-01-18, 09:41:57"",-28,45.59,45.62,1276.52,-2,-1288.51,-13.990001,-0.84,C"
Transaktionen,SubTotal,,Aktien,USD,HRB,,0,,,-9.99,-4,0,-13.990001,-15.59,
"Transaktionen,Data,Order,Aktien,USD,HWM,""2024-04-03, 11:29:03"",20,66.24,66,-1324.8,-2,1326.8,0,-4.8,O"
"Transaktionen,Data,Order,Aktien,USD,HWM,""2024-04-10, 09:30:04"",-20,65.06,65.25,1301.2,-2,-1326.8,-27.6,-3.8,C"
Transaktionen,SubTotal,,Aktien,USD,HWM,,0,,,-23.6,-4,0,-27.6,-8.6,
"Transaktionen,Data,Order,Aktien,USD,IBP,""2024-03-26, 12:40:15"",6,256.52,255.34,-1539.12,-2,1541.12,0,-7.08,O"
"Transaktionen,Data,Order,Aktien,USD,IBP,""2024-04-09, 10:05:38"",-6,250.21,254.36,1501.26,-2,-1541.12,-41.86,-24.9,C"
Transaktionen,SubTotal,,Aktien,USD,IBP,,0,,,-37.86,-4,0,-41.86,-31.98,
"Transaktionen,Data,Order,Aktien,USD,IONS,""2023-11-30, 12:16:45"",19,49.365,49.47,-937.935,-2,939.935,0,1.995,O;P"
"Transaktionen,Data,Order,Aktien,USD,IONS,""2024-01-23, 10:42:35"",-19,50.24,51.81,954.56,-2,-939.935,12.625,-29.83,C"
Transaktionen,SubTotal,,Aktien,USD,IONS,,0,,,16.625,-4,0,12.625,-27.835,
"Transaktionen,Data,Order,Aktien,USD,IR,""2024-03-26, 12:39:27"",33,94.93,94.45,-3132.69,-2,3134.69,0,-15.84,O"
"Transaktionen,Data,Order,Aktien,USD,IR,""2024-04-02, 09:35:36"",-33,93.14,92.55,3073.62,-2,-3134.69,-63.07,19.47,C"
Transaktionen,SubTotal,,Aktien,USD,IR,,0,,,-59.07,-4,0,-63.07,3.63,
"Transaktionen,Data,Order,Aktien,USD,ITT,""2024-01-31, 15:02:45"",15,121.28,120.78,-1819.2,-2,1821.2,0,-7.5,O"
"Transaktionen,Data,Order,Aktien,USD,ITT,""2024-02-13, 15:14:03"",-15,119.05,119.62,1785.75,-2,-1821.2,-37.45,-8.55,C;P"
Transaktionen,SubTotal,,Aktien,USD,ITT,,0,,,-33.45,-4,0,-37.45,-16.05,
"Transaktionen,Data,Order,Aktien,USD,JPM,""2024-03-25, 09:48:30"",18,195.31,194.82,-3515.58,-2,3517.58,0,-8.82,O"
"Transaktionen,Data,Order,Aktien,USD,JPM,""2024-04-03, 15:15:12"",-18,197.78,198.3,3560.04,-2,-3517.58,40.46,-9.36,C;P"
Transaktionen,SubTotal,,Aktien,USD,JPM,,0,,,44.46,-4,0,40.46,-18.18,
"Transaktionen,Data,Order,Aktien,USD,LLY,""2024-02-06, 10:06:39"",2,715,705.03,-1430,-2,1432,0,-19.94,O"
"Transaktionen,Data,Order,Aktien,USD,LLY,""2024-03-08, 09:53:02"",-2,760.56,762.14,1521.12,-2,-1432,87.12,-3.16,C"
Transaktionen,SubTotal,,Aktien,USD,LLY,,0,,,91.12,-4,0,87.12,-23.1,
"Transaktionen,Data,Order,Aktien,USD,LRN,""2023-11-30, 12:19:43"",22,60.363636364,60.58,-1328,-2,1330,0,4.76,O;P"
"Transaktionen,Data,Order,Aktien,USD,LRN,""2024-01-03, 10:02:51"",4,60.865,60.45,-243.46,-2,245.46,0,-1.66,O;P"
"Transaktionen,Data,Order,Aktien,USD,LRN,""2024-01-24, 09:32:36"",-26,61.22,60.82,1591.72,-2,-1575.46,14.26,10.4,C"
Transaktionen,SubTotal,,Aktien,USD,LRN,,0,,,20.26,-6,0,14.26,13.5,
"Transaktionen,Data,Order,Aktien,USD,LULU,""2023-12-08, 11:06:20"",3,485.725,489.64,-1457.175,-2,1459.175,0,11.745,O"
"Transaktionen,Data,Order,Aktien,USD,LULU,""2024-01-31, 09:35:06"",-3,463.23,453.82,1389.69,-2,-1459.175,-71.485,28.23,C"
Transaktionen,SubTotal,,Aktien,USD,LULU,,0,,,-67.485,-4,0,-71.485,39.975,
"Transaktionen,Data,Order,Aktien,USD,MHO,""2024-01-31, 09:38:14"",9,124.22,127.42,-1117.98,-2,1119.98,0,28.8,O"
"Transaktionen,Data,Order,Aktien,USD,MHO,""2024-02-01, 10:52:42"",-9,126.8,128.88,1141.2,-2,-1119.98,19.22,-18.72,C"
Transaktionen,SubTotal,,Aktien,USD,MHO,,0,,,23.22,-4,0,19.22,10.08,
"Transaktionen,Data,Order,Aktien,USD,MOH,""2023-11-30, 12:16:46"",3,363.445,365.56,-1090.335,-2,1092.335,0,6.345,O"
"Transaktionen,Data,Order,Aktien,USD,MOH,""2023-12-15, 10:29:15"",-3,357.71,362.98,1073.13,-2,-1092.335,-21.205,-15.81,C"
Transaktionen,SubTotal,,Aktien,USD,MOH,,0,,,-17.205,-4,0,-21.205,-9.465,
"Transaktionen,Data,Order,Aktien,USD,MUSA,""2023-11-30, 12:17:18"",4,367.22,369.55,-1468.88,-2,1470.88,0,9.32,O;P"
"Transaktionen,Data,Order,Aktien,USD,MUSA,""2023-12-14, 10:31:18"",-4,352.02,358,1408.08,-2,-1470.88,-64.8,-23.92,C;P"
Transaktionen,SubTotal,,Aktien,USD,MUSA,,0,,,-60.8,-4,0,-64.8,-14.6,
"Transaktionen,Data,Order,Aktien,USD,NOW,""2024-02-06, 11:51:04"",4,774.18,777.45,-3096.72,-2,3098.72,0,13.08,O"
"Transaktionen,Data,Order,Aktien,USD,NOW,""2024-02-13, 09:30:03"",-4,757.8,773.76,3031.2,-2,-3098.72,-69.52,-63.84,C"
Transaktionen,SubTotal,,Aktien,USD,NOW,,0,,,-65.52,-4,0,-69.52,-50.76,
"Transaktionen,Data,Order,Aktien,USD,NRG,""2024-01-03, 10:03:27"",38,51.265,51.67,-1948.07,-2,1950.07,0,15.39,O"
"Transaktionen,Data,Order,Aktien,USD,NRG,""2024-04-12, 13:07:28"",-38,74.595,73.93,2834.61,-2,-1950.07,882.54,25.27,C"
Transaktionen,SubTotal,,Aktien,USD,NRG,,0,,,886.54,-4,0,882.54,40.66,
"Transaktionen,Data,Order,Aktien,USD,NTNX,""2023-11-30, 12:17:24"",27,42.75,43.09,-1154.25,-2,1156.25,0,9.18,O"
"Transaktionen,Data,Order,Aktien,USD,NTNX,""2024-02-13, 09:30:36"",-27,53.5,55.52,1444.5,-2,-1156.25,286.25,-54.54,C"
"Transaktionen,Data,Order,Aktien,USD,NTNX,""2024-02-29, 10:26:01"",30,61.54,63.16,-1846.2,-2,1848.2,0,48.6,O"
"Transaktionen,Data,Order,Aktien,USD,NTNX,""2024-03-11, 10:38:28"",-30,63.36,63.36,1900.8,-2,-1848.2,50.6,0,C"
Transaktionen,SubTotal,,Aktien,USD,NTNX,,0,,,344.85,-8,0,336.85,3.24,
"Transaktionen,Data,Order,Aktien,USD,PANW,""2024-02-23, 12:45:20"",7,280.65,282.09,-1964.55,-2,1966.55,0,10.08,O"
"Transaktionen,Data,Order,Aktien,USD,PANW,""2024-03-01, 09:45:35"",-7,301.6,302.4,2111.2,-2,-1966.55,142.65,-5.6,C"
Transaktionen,SubTotal,,Aktien,USD,PANW,,0,,,146.65,-4,0,142.65,4.48,
"Transaktionen,Data,Order,Aktien,USD,PDD,""2023-11-21, 09:30:04"",4,116,117.34,-464,-2,466,0,5.36,O"
"Transaktionen,Data,Order,Aktien,USD,PDD,""2023-12-08, 09:36:05"",-4,137.1437,138.96,548.5748,-2,-466,80.5748,-7.2652,C"
Transaktionen,SubTotal,,Aktien,USD,PDD,,0,,,84.5748,-4,0,80.5748,-1.9052,
"Transaktionen,Data,Order,Aktien,USD,PGR,""2023-11-30, 12:17:11"",11,163.052727273,164.03,-1793.58,-2,1795.58,0,10.75,O;P"
"Transaktionen,Data,Order,Aktien,USD,PGR,""2023-12-15, 09:30:02"",-11,151.82,153.41,1670.02,-2,-1795.58,-127.56,-17.49,C"
Transaktionen,SubTotal,,Aktien,USD,PGR,,0,,,-123.56,-4,0,-127.56,-6.74,
"Transaktionen,Data,Order,Aktien,USD,PGTI,""2024-01-31, 15:07:25"",44,41.12,41.22,-1809.28,-2,1811.28,0,4.4,O;P"
"Transaktionen,Data,Order,Aktien,USD,PGTI,""2024-02-20, 09:30:11"",-44,41.342272727,41.43,1819.06,-2,-1811.28,5.78,-3.86,C;P"
Transaktionen,SubTotal,,Aktien,USD,PGTI,,0,,,9.78,-4,0,5.78,0.54,
"Transaktionen,Data,Order,Aktien,USD,PTGX,""2024-03-01, 10:27:55"",25,31.91,32.15,-797.75,-2,799.75,0,6,O"
"Transaktionen,Data,Order,Aktien,USD,PTGX,""2024-03-11, 13:44:02"",-25,29.83,30.12,745.75,-2,-799.75,-56,-7.25,C"
Transaktionen,SubTotal,,Aktien,USD,PTGX,,0,,,-52,-4,0,-56,-1.25,
"Transaktionen,Data,Order,Aktien,USD,QCOM,""2024-01-10, 10:52:19"",10,138.78,139.31,-1387.8,-2,1389.8,0,5.3,O;P"
"Transaktionen,Data,Order,Aktien,USD,QCOM,""2024-01-30, 12:27:11"",-10,146.69,145.98,1466.9,-2,-1389.8,75.1,7.1,C"
Transaktionen,SubTotal,,Aktien,USD,QCOM,,0,,,79.1,-4,0,75.1,12.4,
"Transaktionen,Data,Order,Aktien,USD,QLYS,""2024-01-08, 11:26:49"",7,182.3,184.18,-1276.1,-2,1278.1,0,13.16,O"
"Transaktionen,Data,Order,Aktien,USD,QLYS,""2024-01-26, 09:33:15"",-7,190.02,188.79,1330.14,-2,-1278.1,50.04,8.61,C"
Transaktionen,SubTotal,,Aktien,USD,QLYS,,0,,,54.04,-4,0,50.04,21.77,
"Transaktionen,Data,Order,Aktien,USD,RNA,""2024-03-15, 11:12:28"",30,24.1586,24.42,-724.758,-2,726.758,0,7.842,O"
"Transaktionen,Data,Order,Aktien,USD,RNA,""2024-03-25, 11:08:11"",-30,23.23,23.19,696.9,-2,-726.758,-31.858,1.2,C"
"Transaktionen,Data,Order,Aktien,USD,RNA,""2024-04-04, 14:06:18"",25,23.99,23.69,-599.75,-2,601.75,0,-7.5,O"
"Transaktionen,Data,Order,Aktien,USD,RNA,""2024-04-12, 15:10:04"",-25,24.09,24.09,602.25,-2,-601.75,-1.5,0,C"
Transaktionen,SubTotal,,Aktien,USD,RNA,,0,,,-25.358,-8,0,-33.358,1.542,
"Transaktionen,Data,Order,Aktien,USD,ROAD,""2023-11-30, 12:18:02"",18,42,41.96,-756,-2,758,0,-0.72,O"
"Transaktionen,Data,Order,Aktien,USD,ROAD,""2024-01-03, 10:02:49"",8,41.63,40.9,-333.04,-2,335.04,0,-5.84,O"
"Transaktionen,Data,Order,Aktien,USD,ROAD,""2024-01-18, 09:38:11"",-26,42.09,42.79,1094.34,-2,-1093.04,-0.7,-18.2,C"
Transaktionen,SubTotal,,Aktien,USD,ROAD,,0,,,5.3,-6,0,-0.7,-24.76,
"Transaktionen,Data,Order,Aktien,USD,SNPS,""2023-12-21, 10:37:35"",2,560.57,559.96,-1121.14,-2,1123.14,0,-1.22,O"
"Transaktionen,Data,Order,Aktien,USD,SNPS,""2024-01-02, 09:30:02"",-2,507.26,498.97,1014.52,-2,-1123.14,-110.62,16.58,C"
Transaktionen,SubTotal,,Aktien,USD,SNPS,,0,,,-106.62,-4,0,-110.62,15.36,
"Transaktionen,Data,Order,Aktien,USD,SPOT,""2023-12-21, 10:35:51"",7,193.81,192.85,-1356.67,-2,1358.67,0,-6.72,O"
"Transaktionen,Data,Order,Aktien,USD,SPOT,""2024-03-11, 09:32:23"",-7,254.55,254.45,1781.85,-2,-1358.67,421.18,0.7,C"
Transaktionen,SubTotal,,Aktien,USD,SPOT,,0,,,425.18,-4,0,421.18,-6.02,
"Transaktionen,Data,Order,Aktien,USD,SPXC,""2024-04-04, 13:37:38"",20,123.1,120.59,-2462,-2,2464,0,-50.2,O"
"Transaktionen,Data,Order,Aktien,USD,SPXC,""2024-04-09, 10:33:04"",-20,119.685,122.34,2393.7,-2,-2464,-72.3,-53.1,C"
Transaktionen,SubTotal,,Aktien,USD,SPXC,,0,,,-68.3,-4,0,-72.3,-103.3,
"Transaktionen,Data,Order,Aktien,USD,STRA,""2024-01-03, 10:32:29"",16,93.515,92.5,-1496.24,-2,1498.24,0,-16.24,O"
"Transaktionen,Data,Order,Aktien,USD,STRA,""2024-02-13, 15:14:07"",-16,94.62,95.2,1513.92,-2,-1498.24,13.68,-9.28,C"
Transaktionen,SubTotal,,Aktien,USD,STRA,,0,,,17.68,-4,0,13.68,-25.52,
"Transaktionen,Data,Order,Aktien,USD,TRV,""2024-02-29, 12:16:25"",10,219.31,220.96,-2193.1,-2,2195.1,0,16.5,O"
"Transaktionen,Data,Order,Aktien,USD,TRV,""2024-04-09, 10:37:17"",-10,225.31,223.84,2253.1,-2,-2195.1,56,14.7,C"
Transaktionen,SubTotal,,Aktien,USD,TRV,,0,,,60,-4,0,56,31.2,
"Transaktionen,Data,Order,Aktien,USD,UCTT,""2024-03-06, 13:33:50"",30,46.03,46.18,-1380.9,-2,1382.9,0,4.5,O;P"
"Transaktionen,Data,Order,Aktien,USD,UCTT,""2024-03-12, 10:16:47"",-30,44.86,46,1345.8,-2,-1382.9,-39.1,-34.2,C"
Transaktionen,SubTotal,,Aktien,USD,UCTT,,0,,,-35.1,-4,0,-39.1,-29.7,
"Transaktionen,Data,Order,Aktien,USD,UEC,""2023-11-30, 12:18:02"",112,6.375,6.52,-714,-2,716,0,16.24,O;P"
"Transaktionen,Data,Order,Aktien,USD,UEC,""2023-12-13, 11:11:10"",-112,5.95,6.34,666.4,-2,-716,-51.6,-43.68,C"
Transaktionen,SubTotal,,Aktien,USD,UEC,,0,,,-47.6,-4,0,-51.6,-27.44,
"Transaktionen,Data,Order,Aktien,USD,V,""2024-03-26, 12:45:20"",8,282.27,280.6,-2258.16,-2,2260.16,0,-13.36,O"
"Transaktionen,Data,Order,Aktien,USD,V,""2024-04-03, 15:15:13"",-8,276.63,276.96,2213.04,-2,-2260.16,-49.12,-2.64,C"
Transaktionen,SubTotal,,Aktien,USD,V,,0,,,-45.12,-4,0,-49.12,-16,
"Transaktionen,Data,Order,Aktien,USD,VIV,""2023-12-21, 10:35:50"",110,10.845,10.88,-1192.95,-2,1194.95,0,3.85,O;P"
"Transaktionen,Data,Order,Aktien,USD,VIV,""2024-01-18, 09:47:23"",-110,10.240181818,10.3,1126.42,-2,-1194.95,-70.53,-6.58,C;P"
Transaktionen,SubTotal,,Aktien,USD,VIV,,0,,,-66.53,-4,0,-70.53,-2.73,
"Transaktionen,Data,Order,Aktien,USD,VRT,""2024-03-14, 11:19:37"",15,75.03,73.92,-1125.45,-2,1127.45,0,-16.65,O"
"Transaktionen,Data,Order,Aktien,USD,VRT,""2024-03-19, 09:56:19"",10,74.38,77.06,-743.8,-2,745.8,0,26.8,O"
"Transaktionen,Data,Order,Aktien,USD,VRT,""2024-03-27, 10:02:44"",-15,78.74,81.01,1181.1,-2,-1127.45,51.65,-34.05,C"
"Transaktionen,Data,Order,Aktien,USD,VRT,""2024-03-27, 11:53:06"",-10,79.415,81.01,794.15,-2,-745.8,46.35,-15.95,C"
Transaktionen,SubTotal,,Aktien,USD,VRT,,0,,,106,-8,0,98,-39.85,
"Transaktionen,Data,Order,Aktien,USD,WAB,""2024-02-29, 11:53:47"",13,140.28,141.29,-1823.64,-2,1825.64,0,13.13,O"
"Transaktionen,Data,Order,Aktien,USD,WAB,""2024-04-10, 09:30:01"",-13,145.444,147.54,1890.772,-2,-1825.64,63.132,-27.248,C"
Transaktionen,SubTotal,,Aktien,USD,WAB,,0,,,67.132,-4,0,63.132,-14.118,
"Transaktionen,Data,Order,Aktien,USD,WEX,""2024-03-20, 10:20:56"",10,233.23,235.99,-2332.3,-2,2334.3,0,27.6,O"
"Transaktionen,Data,Order,Aktien,USD,WEX,""2024-04-12, 12:28:59"",-10,238.49,235.88,2384.9,-2,-2334.3,48.6,26.1,C"
Transaktionen,SubTotal,,Aktien,USD,WEX,,0,,,52.6,-4,0,48.6,53.7,
"Transaktionen,Data,Order,Aktien,USD,WINA,""2023-11-30, 12:16:47"",3,438.01,430,-1314.03,-2,1316.03,0,-24.03,O"
"Transaktionen,Data,Order,Aktien,USD,WINA,""2023-12-12, 11:38:44"",3,444.155,443.85,-1332.465,-2,1334.465,0,-0.915,O"
"Transaktionen,Data,Order,Aktien,USD,WINA,""2023-12-12, 12:02:19"",-3,444.015,443.85,1332.045,-2,-1316.03,14.015,0.495,C"
"Transaktionen,Data,Order,Aktien,USD,WINA,""2024-01-03, 09:33:33"",-3,402.1,391.32,1206.3,-2,-1334.465,-130.165,32.34,C"
Transaktionen,SubTotal,,Aktien,USD,WINA,,0,,,-108.15,-8,0,-116.15,7.89,
"Transaktionen,Data,Order,Aktien,USD,WING,""2024-01-10, 10:53:00"",5,255.12,259.42,-1275.6,-2,1277.6,0,21.5,O"
"Transaktionen,Data,Order,Aktien,USD,WING,""2024-01-10, 11:21:46"",-5,255.24,259.42,1276.2,-2,-1277.6,-3.4,-20.9,C"
"Transaktionen,Data,Order,Aktien,USD,WING,""2024-01-18, 10:33:10"",5,274.71,275.48,-1373.55,-2,1375.55,0,3.85,O"
"Transaktionen,Data,Order,Aktien,USD,WING,""2024-02-21, 09:30:07"",-5,303,310.32,1515,-2,-1375.55,137.45,-36.6,C"
Transaktionen,SubTotal,,Aktien,USD,WING,,0,,,142.05,-8,0,134.05,-32.15,
"Transaktionen,Data,Order,Aktien,USD,WM,""2024-02-15, 15:44:30"",15,198.685,199.11,-2980.275,-2,2982.275,0,6.375,O"
"Transaktionen,Data,Order,Aktien,USD,WM,""2024-04-01, 11:59:26"",-15,211.93,212.91,3178.95,-2,-2982.275,194.675,-14.7,C"
Transaktionen,SubTotal,,Aktien,USD,WM,,0,,,198.675,-4,0,194.675,-8.325,
"Transaktionen,Data,Order,Aktien,USD,ZS,""2024-01-24, 13:44:29"",5,243.85,241.38,-1219.25,-2,1221.25,0,-12.35,O"
"Transaktionen,Data,Order,Aktien,USD,ZS,""2024-02-21, 09:30:00"",-5,212.12,213.92,1060.6,-2,-1221.25,-162.65,-9,C;P"
Transaktionen,SubTotal,,Aktien,USD,ZS,,0,,,-158.65,-4,0,-162.65,-21.35,
Transaktionen,Total,,Aktien,USD,,,,,,3927.3254,-376,-3041.35,3551.325399,-411.5746,
Transaktionen,Total,,Aktien,EUR,,,,,,3874.108436226,-346.49278,-3040.704157754,3297.879235066,-379.627930674,
Transaktionen,Header,DataDiscriminator,Vermögenswertkategorie,Währung,Symbol,Datum/Zeit,Menge,T.-Kurs,Schlussk.,Erlös,Prov./Gebühr,Basis,Realisierter G&V,MTM-G&V,Code
"Transaktionen,Data,Order,Aktien- und Indexoptionen,EUR,DTE 19APR24 21.5 P,""2024-04-11, 05:31:10"",2,0.31,0.39,-62,-4,66,0,16,O"
"Transaktionen,Data,Order,Aktien- und Indexoptionen,EUR,DTE 19APR24 21.5 P,""2024-04-17, 04:41:05"",-2,0.67,0.62,134,-4,-66,64,10,C"
Transaktionen,SubTotal,,Aktien- und Indexoptionen,EUR,DTE 19APR24 21.5 P,,0,,,72,-8,0,64,26,
Transaktionen,Total,,Aktien- und Indexoptionen,EUR,,,,,,72,-8,0,64,26,
"Transaktionen,Data,Order,Aktien- und Indexoptionen,USD,AAPL 05APR24 177.5 C,""2024-03-21, 11:43:23"",-1,1.32,1.13,132,-3.5,-128.5,0,19,O"
"Transaktionen,Data,Order,Aktien- und Indexoptionen,USD,AAPL 05APR24 177.5 C,""2024-04-05, 16:20:00"",1,0,0,0,0,128.5,128.5,0,C;Ep"
Transaktionen,SubTotal,,Aktien- und Indexoptionen,USD,AAPL 05APR24 177.5 C,,0,,,132,-3.5,0,128.5,19,
"Transaktionen,Data,Order,Aktien- und Indexoptionen,USD,SMH 24NOV23 150 C,""2023-11-03, 09:42:19"",1,3.04,3.6731,-304,-3.5,114.5,-193,63.31,C"
Transaktionen,SubTotal,,Aktien- und Indexoptionen,USD,SMH 24NOV23 150 C,,1,,,-304,-3.5,114.5,-193,63.31,
"Transaktionen,Data,Order,Aktien- und Indexoptionen,USD,SMH 01DEC23 120 P,""2023-11-03, 09:42:19"",-1,0.11,0.105,11,-3.5,-110.5,-103,0.5,C"
Transaktionen,SubTotal,,Aktien- und Indexoptionen,USD,SMH 01DEC23 120 P,,-1,,,11,-3.5,-110.5,-103,0.5,
"Transaktionen,Data,Order,Aktien- und Indexoptionen,USD,TSLA 26APR24 180 C,""2024-04-05, 11:37:25"",-1,5.4,4.3,540,-3.5,-536.5,0,110,O"
Transaktionen,SubTotal,,Aktien- und Indexoptionen,USD,TSLA 26APR24 180 C,,-1,,,540,-3.5,-536.5,0,110,
"Transaktionen,Data,Order,Aktien- und Indexoptionen,USD,TSLA 26APR24 185 C,""2024-04-05, 11:37:25"",1,4,3.15,-400,-3.5,403.5,0,-85,O"
"Transaktionen,Data,Order,Aktien- und Indexoptionen,USD,TSLA 26APR24 185 C,""2024-04-15, 09:36:30"",-1,2.72,1.5,272,-3.5,-403.5,-135,122,C"
Transaktionen,SubTotal,,Aktien- und Indexoptionen,USD,TSLA 26APR24 185 C,,0,,,-128,-7,0,-135,37,
"Transaktionen,Data,Order,Aktien- und Indexoptionen,USD,XLV 26JAN24 141 C,""2024-01-09, 13:27:31"",-1,1.32,1.26,132,-3.5,-128.5,0,6,O"
"Transaktionen,Data,Order,Aktien- und Indexoptionen,USD,XLV 26JAN24 141 C,""2024-01-26, 16:20:00"",1,0,0,0,0,128.5,128.5,0,C;Ep"
Transaktionen,SubTotal,,Aktien- und Indexoptionen,USD,XLV 26JAN24 141 C,,0,,,132,-3.5,0,128.5,6,
"Transaktionen,Data,Order,Aktien- und Indexoptionen,USD,XLV 26JAN24 143 C,""2024-01-09, 13:27:31"",1,0.61,0.56,-61,-3.5,64.5,0,-5,O"
"Transaktionen,Data,Order,Aktien- und Indexoptionen,USD,XLV 26JAN24 143 C,""2024-01-26, 16:20:00"",-1,0,0,0,0,-64.5,-64.5,0,C;Ep"
Transaktionen,SubTotal,,Aktien- und Indexoptionen,USD,XLV 26JAN24 143 C,,0,,,-61,-3.5,0,-64.5,-5,
Transaktionen,Total,,Aktien- und Indexoptionen,USD,,,,,,322,-28,-532.5,-238.5,230.81,
Transaktionen,Total,,Aktien- und Indexoptionen,EUR,,,,,,298.63041,-25.903605,-498.239015,-225.51221,215.7734495,
Transaktionen,Header,DataDiscriminator,Vermögenswertkategorie,Währung,Symbol,Datum/Zeit,Menge,T.-Kurs,Schlussk.,Nennwert,Prov./Gebühr,Basis,Realisierter G&V,MTM-G&V,Code
"Transaktionen,Data,Order,Futures,EUR,FDXM MAR 24,""2024-02-07, 05:23:32"",-2,17086,16997,170860,-2,-170858,0,890,O"
"Transaktionen,Data,Order,Futures,EUR,FDXM MAR 24,""2024-02-07, 05:26:46"",2,17083,16997,-170830,-2,170858,26,-860,C"
Transaktionen,SubTotal,,Futures,EUR,FDXM MAR 24,,0,,,30,-4,0,26,30,
"Transaktionen,Data,Order,Futures,EUR,FDXS 20240315 M,""2023-12-07, 06:59:19"",-1,16820,16838,16820,-1,-16819,0,-18,O"
"Transaktionen,Data,Order,Futures,EUR,FDXS 20240315 M,""2023-12-07, 08:34:57"",1,16811,16838,-16811,-1,16819,7,27,C"
"Transaktionen,Data,Order,Futures,EUR,FDXS 20240315 M,""2024-01-02, 04:55:23"",-1,17016,16920,17016,-1,-17015,0,96,O"
"Transaktionen,Data,Order,Futures,EUR,FDXS 20240315 M,""2024-01-02, 06:57:32"",1,16886,16920,-16886,-1,17015,128,34,C"
"Transaktionen,Data,Order,Futures,EUR,FDXS 20240315 M,""2024-01-02, 08:05:31"",1,16832,16920,-16832,-1,16833,0,88,O"
"Transaktionen,Data,Order,Futures,EUR,FDXS 20240315 M,""2024-01-02, 08:11:07"",-1,16804,16920,16804,-1,-16833,-30,-116,C"
"Transaktionen,Data,Order,Futures,EUR,FDXS 20240315 M,""2024-01-03, 07:19:40"",1,16758,16665,-16758,-1,16759,0,-93,O"
"Transaktionen,Data,Order,Futures,EUR,FDXS 20240315 M,""2024-01-03, 07:26:00"",-1,16739,16665,16739,-1,-16759,-21,74,C"
"Transaktionen,Data,Order,Futures,EUR,FDXS 20240315 M,""2024-01-04, 03:00:01"",-1,16684,16768,16684,-1,-16683,0,-84,O"
"Transaktionen,Data,Order,Futures,EUR,FDXS 20240315 M,""2024-01-04, 03:06:33"",1,16718,16768,-16718,-1,16683,-36,50,C"
"Transaktionen,Data,Order,Futures,EUR,FDXS 20240315 M,""2024-01-04, 03:56:12"",-1,16731,16768,16731,-1,-16730,0,-37,O"
"Transaktionen,Data,Order,Futures,EUR,FDXS 20240315 M,""2024-01-04, 04:16:44"",1,16731,16768,-16731,-1,16730,-2,37,C"
"Transaktionen,Data,Order,Futures,EUR,FDXS 20240315 M,""2024-01-04, 07:01:03"",-1,16674,16768,16674,-1,-16673,0,-94,O"
"Transaktionen,Data,Order,Futures,EUR,FDXS 20240315 M,""2024-01-04, 07:27:07"",1,16686,16768,-16686,-1,16673,-14,82,C"
"Transaktionen,Data,Order,Futures,EUR,FDXS 20240315 M,""2024-01-04, 11:11:51"",-1,16757,16768,16757,-1,-16756,0,-11,O"
"Transaktionen,Data,Order,Futures,EUR,FDXS 20240315 M,""2024-01-05, 00:21:36"",1,16685,16732,-16685,-1,16756,70,47,C"
"Transaktionen,Data,Order,Futures,EUR,FDXS 20240315 M,""2024-01-05, 04:12:33"",-1,16614,16732,16614,-1,-16613,0,-118,O"
"Transaktionen,Data,Order,Futures,EUR,FDXS 20240315 M,""2024-01-05, 08:54:36"",1,16677,16732,-16677,-1,16613,-65,55,C"
"Transaktionen,Data,Order,Futures,EUR,FDXS 20240315 M,""2024-01-08, 03:30:03"",-1,16773,16844,16773,-1,-16772,0,-71,O"
"Transaktionen,Data,Order,Futures,EUR,FDXS 20240315 M,""2024-01-08, 04:09:39"",1,16744,16844,-16744,-1,16772,27,100,C"
"Transaktionen,Data,Order,Futures,EUR,FDXS 20240315 M,""2024-01-08, 04:46:03"",1,16699,16844,-16699,-1,16700,0,145,O"
"Transaktionen,Data,Order,Futures,EUR,FDXS 20240315 M,""2024-01-08, 05:52:24"",-1,16734,16844,16734,-1,-16700,33,-110,C"
"Transaktionen,Data,Order,Futures,EUR,FDXS 20240315 M,""2024-01-08, 07:10:06"",-1,16767,16844,16767,-1,-16766,0,-77,O"
"Transaktionen,Data,Order,Futures,EUR,FDXS 20240315 M,""2024-01-08, 07:58:22"",1,16766,16844,-16766,-1,16766,-1,78,C"
"Transaktionen,Data,Order,Futures,EUR,FDXS 20240315 M,""2024-01-09, 08:24:14"",-1,16754,16822,16754,-1,-16753,0,-68,O"
"Transaktionen,Data,Order,Futures,EUR,FDXS 20240315 M,""2024-01-09, 09:32:58"",1,16786,16822,-16786,-1,16753,-34,36,C"
"Transaktionen,Data,Order,Futures,EUR,FDXS 20240315 M,""2024-01-11, 07:43:06"",1,16871,16672,-16871,-1,16872,0,-199,O"
"Transaktionen,Data,Order,Futures,EUR,FDXS 20240315 M,""2024-01-11, 08:35:31"",1,16831,16672,-16831,-1,16832,0,-159,O"
"Transaktionen,Data,Order,Futures,EUR,FDXS 20240315 M,""2024-01-11, 10:08:50"",-1,16725,16672,16725,-1,-16872,-148,53,C"
"Transaktionen,Data,Order,Futures,EUR,FDXS 20240315 M,""2024-01-11, 10:08:54"",-1,16721,16672,16721,-1,-16832,-112,49,C"
"Transaktionen,Data,Order,Futures,EUR,FDXS 20240315 M,""2024-01-15, 12:00:12"",-1,16740,16753,16740,-1,-16739,0,-13,O"
"Transaktionen,Data,Order,Futures,EUR,FDXS 20240315 M,""2024-01-15, 13:39:16"",1,16756,16753,-16756,-1,16739,-18,-3,C"
"Transaktionen,Data,Order,Futures,EUR,FDXS 20240315 M,""2024-01-17, 03:37:09"",-1,16539,16538,16539,-1,-16538,0,1,O"
"Transaktionen,Data,Order,Futures,EUR,FDXS 20240315 M,""2024-01-17, 10:04:31"",1,16493,16538,-16493,-1,16538,44,45,C"
"Transaktionen,Data,Order,Futures,EUR,FDXS 20240315 M,""2024-01-17, 10:34:44"",-1,16509,16538,16509,-1,-16508,0,-29,O"
"Transaktionen,Data,Order,Futures,EUR,FDXS 20240315 M,""2024-01-18, 01:49:06"",1,16562,16672,-16562,-1,16508,-55,110,C"
"Transaktionen,Data,Order,Futures,EUR,FDXS 20240315 M,""2024-01-19, 05:20:52"",-1,16713,16664,16713,-1,-16712,0,49,O"
"Transaktionen,Data,Order,Futures,EUR,FDXS 20240315 M,""2024-01-19, 06:07:24"",1,16734,16664,-16734,-1,16712,-23,-70,C"
"Transaktionen,Data,Order,Futures,EUR,FDXS 20240315 M,""2024-01-19, 09:33:23"",-1,16654,16664,16654,-1,-16653,0,-10,O"
"Transaktionen,Data,Order,Futures,EUR,FDXS 20240315 M,""2024-01-19, 12:16:37"",1,16675,16664,-16675,-1,16653,-23,-11,C"
"Transaktionen,Data,Order,Futures,EUR,FDXS 20240315 M,""2024-01-24, 04:14:27"",1,16876,17005,-16876,-1,16877,0,129,O"
"Transaktionen,Data,Order,Futures,EUR,FDXS 20240315 M,""2024-01-24, 04:31:41"",-1,16883,17005,16883,-1,-16877,5,-122,C"
"Transaktionen,Data,Order,Futures,EUR,FDXS 20240315 M,""2024-01-24, 04:36:19"",-1,16895,17005,16895,-1,-16894,0,-110,O"
"Transaktionen,Data,Order,Futures,EUR,FDXS 20240315 M,""2024-01-24, 05:43:16"",1,16925,17005,-16925,-1,16894,-32,80,C"
"Transaktionen,Data,Order,Futures,EUR,FDXS 20240315 M,""2024-01-24, 10:02:15"",-1,16996,17005,16996,-1,-16995,0,-9,O"
"Transaktionen,Data,Order,Futures,EUR,FDXS 20240315 M,""2024-01-24, 10:19:08"",-1,17001,17005,17001,-1,-17000,0,-4,O"
"Transaktionen,Data,Order,Futures,EUR,FDXS 20240315 M,""2024-01-25, 08:32:00"",1,16949,17016,-16949,-1,16995,45,67,C"
"Transaktionen,Data,Order,Futures,EUR,FDXS 20240315 M,""2024-01-25, 08:32:00"",1,16949,17016,-16949,-1,17000,50,67,C"
"Transaktionen,Data,Order,Futures,EUR,FDXS 20240315 M,""2024-01-26, 03:55:13"",-1,16986,17063,16986,-1,-16985,0,-77,O"
"Transaktionen,Data,Order,Futures,EUR,FDXS 20240315 M,""2024-01-26, 04:48:42"",1,17023,17063,-17023,-1,16985,-39,40,C"
"Transaktionen,Data,Order,Futures,EUR,FDXS 20240315 M,""2024-02-07, 05:31:09"",-1,17074,16997,17074,-1,-17073,0,77,O"
"Transaktionen,Data,Order,Futures,EUR,FDXS 20240315 M,""2024-02-07, 07:48:29"",1,17091,16997,-17091,-1,17073,-19,-94,C"
Transaktionen,SubTotal,,Futures,EUR,FDXS 20240315 M,,0,,,-211,-52,0,-263,-91,
"Transaktionen,Data,Order,Futures,EUR,FGBL 20240307 M,""2024-02-01, 04:43:05"",1,135.42,136.25,-135420,-2,135422,0,830,O"
"Transaktionen,Data,Order,Futures,EUR,FGBL 20240307 M,""2024-02-01, 04:44:06"",-1,135.35,136.25,135350,-2,-135422,-74,-900,C"
"Transaktionen,Data,Order,Futures,EUR,FGBL 20240307 M,""2024-02-05, 11:26:37"",-1,133.94,133.91,133940,-2,-133938,0,30,O"
"Transaktionen,Data,Order,Futures,EUR,FGBL 20240307 M,""2024-02-05, 11:30:15"",1,134.01,133.91,-134010,-2,133938,-74,-100,C"
"Transaktionen,Data,Order,Futures,EUR,FGBL 20240307 M,""2024-02-05, 11:44:43"",-1,134.03,133.91,134030,-2,-134028,0,120,O"
"Transaktionen,Data,Order,Futures,EUR,FGBL 20240307 M,""2024-02-05, 11:52:31"",1,134.1,133.91,-134100,-2,134028,-74,-190,C"
"Transaktionen,Data,Order,Futures,EUR,FGBL 20240307 M,""2024-02-06, 03:16:59"",-1,134.07,134.24,134070,-2,-134068,0,-170,O"
"Transaktionen,Data,Order,Futures,EUR,FGBL 20240307 M,""2024-02-06, 03:39:23"",1,134.12,134.24,-134120,-2,134068,-54,120,C"
"Transaktionen,Data,Order,Futures,EUR,FGBL 20240307 M,""2024-02-06, 04:40:36"",-1,134.06,134.24,134060,-2,-134058,0,-180,O"
"Transaktionen,Data,Order,Futures,EUR,FGBL 20240307 M,""2024-02-06, 06:44:48"",1,133.87,134.24,-133870,-2,134058,186,370,C"
"Transaktionen,Data,Order,Futures,EUR,FGBL 20240307 M,""2024-02-06, 11:15:45"",1,134.26,134.24,-134260,-2,134262,0,-20,O"
"Transaktionen,Data,Order,Futures,EUR,FGBL 20240307 M,""2024-02-06, 11:20:35"",-1,134.2,134.24,134200,-2,-134262,-64,-40,C"
"Transaktionen,Data,Order,Futures,EUR,FGBL 20240307 M,""2024-02-07, 08:13:11"",1,134.12,134.3,-134120,-2,134122,0,180,O"
"Transaktionen,Data,Order,Futures,EUR,FGBL 20240307 M,""2024-02-07, 09:09:47"",-1,134.19,134.3,134190,-2,-134122,66,-110,C"
"Transaktionen,Data,Order,Futures,EUR,FGBL 20240307 M,""2024-02-07, 10:01:21"",1,134.4,134.3,-134400,-2,134402,0,-100,O"
"Transaktionen,Data,Order,Futures,EUR,FGBL 20240307 M,""2024-02-07, 10:01:38"",-1,134.4,134.3,134400,-2,-134402,-4,100,C"
"Transaktionen,Data,Order,Futures,EUR,FGBL 20240307 M,""2024-02-07, 10:20:37"",-1,134.2,134.3,134200,-2,-134198,0,-100,O"
"Transaktionen,Data,Order,Futures,EUR,FGBL 20240307 M,""2024-02-07, 10:22:17"",1,134.24,134.3,-134240,-2,134198,-44,60,C"
"Transaktionen,Data,Order,Futures,EUR,FGBL 20240307 M,""2024-02-08, 07:33:59"",-1,133.85,133.62,133850,-2,-133848,0,230,O"
"Transaktionen,Data,Order,Futures,EUR,FGBL 20240307 M,""2024-02-08, 07:39:04"",-1,133.81,133.62,133810,-2,-133808,0,190,O"
"Transaktionen,Data,Order,Futures,EUR,FGBL 20240307 M,""2024-02-08, 07:39:04"",1,133.82,133.62,-133820,-2,133848,26,-200,C"
"Transaktionen,Data,Order,Futures,EUR,FGBL 20240307 M,""2024-02-08, 07:46:05"",1,133.87,133.62,-133870,-2,133808,-64,-250,C"
"Transaktionen,Data,Order,Futures,EUR,FGBL 20240307 M,""2024-02-08, 09:37:44"",-1,133.8,133.62,133800,-2,-133798,0,180,O"
"Transaktionen,Data,Order,Futures,EUR,FGBL 20240307 M,""2024-02-08, 09:38:40"",1,133.81,133.62,-133810,-2,133798,-14,-190,C"
"Transaktionen,Data,Order,Futures,EUR,FGBL 20240307 M,""2024-02-09, 11:07:26"",-1,133.32,133.3,133320,-2,-133318,0,20,O"
"Transaktionen,Data,Order,Futures,EUR,FGBL 20240307 M,""2024-02-09, 14:10:43"",1,133.42,133.3,-133420,-2,133318,-104,-120,C"
"Transaktionen,Data,Order,Futures,EUR,FGBL 20240307 M,""2024-02-13, 08:40:33"",1,133.01,133.11,-133010,-2,133012,0,100,O"
"Transaktionen,Data,Order,Futures,EUR,FGBL 20240307 M,""2024-02-13, 08:43:42"",-1,133.05,133.11,133050,-2,-133012,36,-60,C"
"Transaktionen,Data,Order,Futures,EUR,FGBL 20240307 M,""2024-02-13, 08:49:13"",-1,133.03,133.11,133030,-2,-133028,0,-80,O"
"Transaktionen,Data,Order,Futures,EUR,FGBL 20240307 M,""2024-02-13, 08:50:39"",1,133.05,133.11,-133050,-2,133028,-24,60,C"
"Transaktionen,Data,Order,Futures,EUR,FGBL 20240307 M,""2024-02-13, 08:59:18"",-1,133.16,133.11,133160,-2,-133158,0,50,O"
"Transaktionen,Data,Order,Futures,EUR,FGBL 20240307 M,""2024-02-13, 09:17:19"",1,133.23,133.11,-133230,-2,133158,-74,-120,C"
"Transaktionen,Data,Order,Futures,EUR,FGBL 20240307 M,""2024-02-13, 09:35:05"",-1,133.2,133.11,133200,-2,-133198,0,90,O"
"Transaktionen,Data,Order,Futures,EUR,FGBL 20240307 M,""2024-02-13, 09:42:52"",1,133.3,133.11,-133300,-2,133198,-104,-190,C"
"Transaktionen,Data,Order,Futures,EUR,FGBL 20240307 M,""2024-02-13, 10:18:14"",-1,133.2,133.11,133200,-2,-133198,0,90,O"
"Transaktionen,Data,Order,Futures,EUR,FGBL 20240307 M,""2024-02-14, 12:39:07"",1,133.85,133.57,-133850,-2,133198,-654,-280,C"
"Transaktionen,Data,Order,Futures,EUR,FGBL 20240307 M,""2024-02-15, 11:24:40"",-1,133.51,133.61,133510,-2,-133508,0,-100,O"
"Transaktionen,Data,Order,Futures,EUR,FGBL 20240307 M,""2024-02-15, 12:00:32"",1,133.46,133.61,-133460,-2,133508,46,150,C"
"Transaktionen,Data,Order,Futures,EUR,FGBL 20240307 M,""2024-02-16, 03:17:32"",-1,133.24,132.96,133240,-2,-133238,0,280,O"
"Transaktionen,Data,Order,Futures,EUR,FGBL 20240307 M,""2024-02-16, 04:01:38"",1,133.17,132.96,-133170,-2,133238,66,-210,C"
"Transaktionen,Data,Order,Futures,EUR,FGBL 20240307 M,""2024-02-16, 04:22:06"",-1,133.2,132.96,133200,-2,-133198,0,240,O"
"Transaktionen,Data,Order,Futures,EUR,FGBL 20240307 M,""2024-02-16, 05:10:33"",1,133.2,132.96,-133200,-2,133198,-4,-240,C"
"Transaktionen,Data,Order,Futures,EUR,FGBL 20240307 M,""2024-02-16, 08:01:33"",-1,132.99,132.96,132990,-2,-132988,0,30,O"
"Transaktionen,Data,Order,Futures,EUR,FGBL 20240307 M,""2024-02-16, 08:28:24"",1,133.02,132.96,-133020,-2,132988,-34,-60,C"
"Transaktionen,Data,Order,Futures,EUR,FGBL 20240307 M,""2024-02-16, 08:43:00"",1,132.81,132.96,-132810,-2,132812,0,150,O"
"Transaktionen,Data,Order,Futures,EUR,FGBL 20240307 M,""2024-02-16, 08:48:45"",-1,132.82,132.96,132820,-2,-132812,6,-140,C"
"Transaktionen,Data,Order,Futures,EUR,FGBL 20240307 M,""2024-02-16, 08:50:08"",-1,132.83,132.96,132830,-2,-132828,0,-130,O"
"Transaktionen,Data,Order,Futures,EUR,FGBL 20240307 M,""2024-02-16, 09:45:27"",1,132.83,132.96,-132830,-2,132828,-4,130,C"
"Transaktionen,Data,Order,Futures,EUR,FGBL 20240307 M,""2024-02-16, 10:07:36"",-1,132.93,132.96,132930,-2,-132928,0,-30,O"
"Transaktionen,Data,Order,Futures,EUR,FGBL 20240307 M,""2024-02-16, 10:09:20"",1,132.98,132.96,-132980,-2,132928,-54,-20,C"
"Transaktionen,Data,Order,Futures,EUR,FGBL 20240307 M,""2024-02-20, 03:26:10"",1,133.01,133.26,-133010,-2,133012,0,250,O"
"Transaktionen,Data,Order,Futures,EUR,FGBL 20240307 M,""2024-02-20, 04:06:19"",-1,133.11,133.26,133110,-2,-133012,96,-150,C"
"Transaktionen,Data,Order,Futures,EUR,FGBL 20240307 M,""2024-02-20, 04:31:38"",-1,133.18,133.26,133180,-2,-133178,0,-80,O"
"Transaktionen,Data,Order,Futures,EUR,FGBL 20240307 M,""2024-02-20, 05:19:20"",1,133.18,133.26,-133180,-2,133178,-4,80,C"
"Transaktionen,Data,Order,Futures,EUR,FGBL 20240307 M,""2024-02-20, 06:44:01"",-1,133.13,133.26,133130,-2,-133128,0,-130,O"
"Transaktionen,Data,Order,Futures,EUR,FGBL 20240307 M,""2024-02-20, 08:30:39"",1,132.99,133.26,-132990,-2,133128,136,270,C"
"Transaktionen,Data,Order,Futures,EUR,FGBL 20240307 M,""2024-02-20, 08:36:15"",-1,132.99,133.26,132990,-2,-132988,0,-270,O"
"Transaktionen,Data,Order,Futures,EUR,FGBL 20240307 M,""2024-02-20, 08:41:01"",1,133.02,133.26,-133020,-2,132988,-34,240,C"
"Transaktionen,Data,Order,Futures,EUR,FGBL 20240307 M,""2024-02-20, 08:52:46"",-1,133.01,133.26,133010,-2,-133008,0,-250,O"
"Transaktionen,Data,Order,Futures,EUR,FGBL 20240307 M,""2024-02-20, 09:09:33"",1,133.03,133.26,-133030,-2,133008,-24,230,C"
"Transaktionen,Data,Order,Futures,EUR,FGBL 20240307 M,""2024-02-20, 10:47:38"",-1,133.33,133.26,133330,-2,-133328,0,70,O"
"Transaktionen,Data,Order,Futures,EUR,FGBL 20240307 M,""2024-02-20, 10:51:10"",1,133.32,133.26,-133320,-2,133328,6,-60,C"
"Transaktionen,Data,Order,Futures,EUR,FGBL 20240307 M,""2024-02-21, 03:45:06"",-1,132.94,132.59,132940,-2,-132938,0,350,O"
"Transaktionen,Data,Order,Futures,EUR,FGBL 20240307 M,""2024-02-21, 03:55:58"",1,133,132.59,-133000,-2,132938,-64,-410,C"
"Transaktionen,Data,Order,Futures,EUR,FGBL 20240307 M,""2024-02-21, 09:46:07"",-1,132.92,132.59,132920,-2,-132918,0,330,O"
"Transaktionen,Data,Order,Futures,EUR,FGBL 20240307 M,""2024-02-21, 10:03:12"",1,132.88,132.59,-132880,-2,132918,36,-290,C"
"Transaktionen,Data,Order,Futures,EUR,FGBL 20240307 M,""2024-02-21, 10:09:20"",-1,132.88,132.59,132880,-2,-132878,0,290,O"
"Transaktionen,Data,Order,Futures,EUR,FGBL 20240307 M,""2024-02-21, 10:17:23"",1,132.89,132.59,-132890,-2,132878,-14,-300,C"
"Transaktionen,Data,Order,Futures,EUR,FGBL 20240307 M,""2024-02-21, 10:39:08"",1,132.69,132.59,-132690,-2,132692,0,-100,O"
"Transaktionen,Data,Order,Futures,EUR,FGBL 20240307 M,""2024-02-21, 10:41:02"",-1,132.69,132.59,132690,-2,-132692,-4,100,C"
"Transaktionen,Data,Order,Futures,EUR,FGBL 20240307 M,""2024-02-21, 11:16:11"",1,132.62,132.59,-132620,-2,132622,0,-30,O"
"Transaktionen,Data,Order,Futures,EUR,FGBL 20240307 M,""2024-02-21, 11:24:40"",-1,132.56,132.59,132560,-2,-132622,-64,-30,C"
"Transaktionen,Data,Order,Futures,EUR,FGBL 20240307 M,""2024-02-29, 11:55:30"",-1,132.68,132.65,132680,-2,-132678,0,30,O"
"Transaktionen,Data,Order,Futures,EUR,FGBL 20240307 M,""2024-03-01, 03:57:33"",1,132.1,132.76,-132100,-2,132678,576,660,C"
"Transaktionen,Data,Order,Futures,EUR,FGBL 20240307 M,""2024-03-01, 10:30:10"",1,132.75,132.76,-132750,-2,132752,0,10,O"
"Transaktionen,Data,Order,Futures,EUR,FGBL 20240307 M,""2024-03-01, 10:34:08"",-1,132.65,132.76,132650,-2,-132752,-104,-110,C"
"Transaktionen,Data,Order,Futures,EUR,FGBL 20240307 M,""2024-03-04, 03:31:07"",1,132.84,132.76,-132840,-2,132842,0,-80,O"
"Transaktionen,Data,Order,Futures,EUR,FGBL 20240307 M,""2024-03-04, 03:39:56"",-1,132.75,132.76,132750,-2,-132842,-94,-10,C"
"Transaktionen,Data,Order,Futures,EUR,FGBL 20240307 M,""2024-03-04, 03:46:07"",-1,132.71,132.76,132710,-2,-132708,0,-50,O"
"Transaktionen,Data,Order,Futures,EUR,FGBL 20240307 M,""2024-03-04, 04:10:08"",1,132.65,132.76,-132650,-2,132708,56,110,C"
"Transaktionen,Data,Order,Futures,EUR,FGBL 20240307 M,""2024-03-04, 04:44:07"",1,132.91,132.76,-132910,-2,132912,0,-150,O"
"Transaktionen,Data,Order,Futures,EUR,FGBL 20240307 M,""2024-03-04, 04:46:40"",-1,132.84,132.76,132840,-2,-132912,-74,80,C"
Transaktionen,SubTotal,,Futures,EUR,FGBL 20240307 M,,0,,,-500,-164,0,-664,70,
"Transaktionen,Data,Order,Futures,EUR,FGBL 20240606 M,""2024-03-06, 03:33:12"",-1,132.95,133.08,132950,-2,-132948,0,-130,O"
"Transaktionen,Data,Order,Futures,EUR,FGBL 20240606 M,""2024-03-06, 04:13:19"",1,132.93,133.08,-132930,-2,132948,16,150,C"
"Transaktionen,Data,Order,Futures,EUR,FGBL 20240606 M,""2024-03-06, 07:24:18"",1,132.95,133.08,-132950,-2,132952,0,130,O"
"Transaktionen,Data,Order,Futures,EUR,FGBL 20240606 M,""2024-03-06, 07:32:06"",-1,132.96,133.08,132960,-2,-132952,6,-120,C"
"Transaktionen,Data,Order,Futures,EUR,FGBL 20240606 M,""2024-03-06, 07:46:03"",1,133.05,133.08,-133050,-2,133052,0,30,O"
"Transaktionen,Data,Order,Futures,EUR,FGBL 20240606 M,""2024-03-06, 07:58:04"",-1,133.04,133.08,133040,-2,-133052,-14,-40,C"
"Transaktionen,Data,Order,Futures,EUR,FGBL 20240606 M,""2024-03-14, 12:02:47"",-1,132.04,132.01,132040,-2,-132038,0,30,O"
"Transaktionen,Data,Order,Futures,EUR,FGBL 20240606 M,""2024-03-14, 12:15:00"",1,132.03,132.01,-132030,-2,132038,6,-20,C"
"Transaktionen,Data,Order,Futures,EUR,FGBL 20240606 M,""2024-03-14, 12:16:17"",-1,132.06,132.01,132060,-2,-132058,0,50,O"
"Transaktionen,Data,Order,Futures,EUR,FGBL 20240606 M,""2024-03-14, 12:19:52"",1,132.11,132.01,-132110,-2,132058,-54,-100,C"
"Transaktionen,Data,Order,Futures,EUR,FGBL 20240606 M,""2024-03-19, 09:04:52"",-1,131.93,131.88,131930,-2,-131928,0,50,O"
"Transaktionen,Data,Order,Futures,EUR,FGBL 20240606 M,""2024-03-19, 09:15:29"",1,131.88,131.88,-131880,-2,131928,46,0,C"
"Transaktionen,Data,Order,Futures,EUR,FGBL 20240606 M,""2024-03-19, 09:33:35"",-1,131.78,131.88,131780,-2,-131778,0,-100,O"
"Transaktionen,Data,Order,Futures,EUR,FGBL 20240606 M,""2024-03-19, 09:37:04"",1,131.73,131.88,-131730,-2,131778,46,150,C"
"Transaktionen,Data,Order,Futures,EUR,FGBL 20240606 M,""2024-03-20, 07:14:58"",-1,132.1,131.91,132100,-2,-132098,0,190,O"
"Transaktionen,Data,Order,Futures,EUR,FGBL 20240606 M,""2024-03-20, 07:30:51"",1,132.03,131.91,-132030,-2,132098,66,-120,C"
"Transaktionen,Data,Order,Futures,EUR,FGBL 20240606 M,""2024-03-20, 08:44:41"",-1,131.94,131.91,131940,-2,-131938,0,30,O"
"Transaktionen,Data,Order,Futures,EUR,FGBL 20240606 M,""2024-03-20, 08:45:11"",1,131.94,131.91,-131940,-2,131938,-4,-30,C"
"Transaktionen,Data,Order,Futures,EUR,FGBL 20240606 M,""2024-03-20, 08:52:46"",-1,131.97,131.91,131970,-2,-131968,0,60,O"
"Transaktionen,Data,Order,Futures,EUR,FGBL 20240606 M,""2024-03-20, 09:52:17"",1,131.94,131.91,-131940,-2,131968,26,-30,C"
"Transaktionen,Data,Order,Futures,EUR,FGBL 20240606 M,""2024-03-20, 11:52:49"",-1,131.92,131.91,131920,-2,-131918,0,10,O"
"Transaktionen,Data,Order,Futures,EUR,FGBL 20240606 M,""2024-03-20, 12:32:14"",1,131.92,131.91,-131920,-2,131918,-4,-10,C"
"Transaktionen,Data,Order,Futures,EUR,FGBL 20240606 M,""2024-03-21, 08:51:43"",-1,132.23,132.26,132230,-2,-132228,0,-30,O"
"Transaktionen,Data,Order,Futures,EUR,FGBL 20240606 M,""2024-03-21, 08:53:31"",1,132.17,132.26,-132170,-2,132228,56,90,C"
"Transaktionen,Data,Order,Futures,EUR,FGBL 20240606 M,""2024-03-21, 09:10:40"",-1,132.24,132.26,132240,-2,-132238,0,-20,O"
"Transaktionen,Data,Order,Futures,EUR,FGBL 20240606 M,""2024-03-21, 09:20:47"",1,132.26,132.26,-132260,-2,132238,-24,0,C"
"Transaktionen,Data,Order,Futures,EUR,FGBL 20240606 M,""2024-03-21, 10:17:38"",1,132.11,132.26,-132110,-2,132112,0,150,O"
"Transaktionen,Data,Order,Futures,EUR,FGBL 20240606 M,""2024-03-21, 10:21:57"",-1,132.16,132.26,132160,-2,-132112,46,-100,C"
"Transaktionen,Data,Order,Futures,EUR,FGBL 20240606 M,""2024-03-21, 10:33:03"",1,132.17,132.26,-132170,-2,132172,0,90,O"
"Transaktionen,Data,Order,Futures,EUR,FGBL 20240606 M,""2024-03-21, 10:36:15"",-1,132.21,132.26,132210,-2,-132172,36,-50,C"
"Transaktionen,Data,Order,Futures,EUR,FGBL 20240606 M,""2024-03-21, 11:31:52"",1,132.12,132.26,-132120,-2,132122,0,140,O"
"Transaktionen,Data,Order,Futures,EUR,FGBL 20240606 M,""2024-03-21, 11:37:07"",-1,132.14,132.26,132140,-2,-132122,16,-120,C"
"Transaktionen,Data,Order,Futures,EUR,FGBL 20240606 M,""2024-03-21, 12:03:34"",-1,132.23,132.26,132230,-2,-132228,0,-30,O"
"Transaktionen,Data,Order,Futures,EUR,FGBL 20240606 M,""2024-03-21, 12:19:59"",1,132.28,132.26,-132280,-2,132228,-54,-20,C"
"Transaktionen,Data,Order,Futures,EUR,FGBL 20240606 M,""2024-03-22, 04:47:04"",1,132.55,133.07,-132550,-2,132552,0,520,O"
"Transaktionen,Data,Order,Futures,EUR,FGBL 20240606 M,""2024-03-22, 04:50:49"",-1,132.51,133.07,132510,-2,-132552,-44,-560,C"
"Transaktionen,Data,Order,Futures,EUR,FGBL 20240606 M,""2024-03-22, 05:03:43"",-1,132.62,133.07,132620,-2,-132618,0,-450,O"
"Transaktionen,Data,Order,Futures,EUR,FGBL 20240606 M,""2024-03-22, 05:03:48"",1,132.68,133.07,-132680,-2,132618,-64,390,C"
"Transaktionen,Data,Order,Futures,EUR,FGBL 20240606 M,""2024-04-02, 03:34:36"",-1,132.6,132.14,132600,-2,-132598,0,460,O"
"Transaktionen,Data,Order,Futures,EUR,FGBL 20240606 M,""2024-04-02, 03:53:15"",1,132.52,132.14,-132520,-2,132598,76,-380,C"
"Transaktionen,Data,Order,Futures,EUR,FGBL 20240606 M,""2024-04-02, 05:09:43"",-1,132.67,132.14,132670,-2,-132668,0,530,O"
"Transaktionen,Data,Order,Futures,EUR,FGBL 20240606 M,""2024-04-02, 05:24:47"",1,132.62,132.14,-132620,-2,132668,46,-480,C"
"Transaktionen,Data,Order,Futures,EUR,FGBL 20240606 M,""2024-04-02, 06:26:13"",-1,132.31,132.14,132310,-2,-132308,0,170,O"
"Transaktionen,Data,Order,Futures,EUR,FGBL 20240606 M,""2024-04-02, 06:44:55"",1,132.34,132.14,-132340,-2,132308,-34,-200,C"
"Transaktionen,Data,Order,Futures,EUR,FGBL 20240606 M,""2024-04-02, 10:09:13"",-1,132.03,132.14,132030,-2,-132028,0,-110,O"
"Transaktionen,Data,Order,Futures,EUR,FGBL 20240606 M,""2024-04-02, 10:12:26"",1,132.09,132.14,-132090,-2,132028,-64,50,C"
"Transaktionen,Data,Order,Futures,EUR,FGBL 20240606 M,""2024-04-03, 06:34:54"",1,132.63,132.22,-132630,-2,132632,0,-410,O"
"Transaktionen,Data,Order,Futures,EUR,FGBL 20240606 M,""2024-04-03, 06:48:23"",-1,132.63,132.22,132630,-2,-132632,-4,410,C"
"Transaktionen,Data,Order,Futures,EUR,FGBL 20240606 M,""2024-04-03, 08:15:36"",-1,132.41,132.22,132410,-2,-132408,0,190,O"
"Transaktionen,Data,Order,Futures,EUR,FGBL 20240606 M,""2024-04-03, 08:17:27"",1,132.43,132.22,-132430,-2,132408,-24,-210,C"
"Transaktionen,Data,Order,Futures,EUR,FGBL 20240606 M,""2024-04-04, 08:34:31"",-1,132.4,132.74,132400,-2,-132398,0,-340,O"
"Transaktionen,Data,Order,Futures,EUR,FGBL 20240606 M,""2024-04-04, 08:52:51"",1,132.71,132.74,-132710,-2,132398,-314,30,C"
"Transaktionen,Data,Order,Futures,EUR,FGBL 20240606 M,""2024-04-04, 08:58:23"",1,132.78,132.74,-132780,-2,132782,0,-40,O"
"Transaktionen,Data,Order,Futures,EUR,FGBL 20240606 M,""2024-04-04, 14:09:56"",-1,132.58,132.74,132580,-2,-132782,-204,-160,C"
"Transaktionen,Data,Order,Futures,EUR,FGBL 20240606 M,""2024-04-09, 07:27:33"",1,132.26,132.57,-132260,-2,132262,0,310,O"
"Transaktionen,Data,Order,Futures,EUR,FGBL 20240606 M,""2024-04-09, 07:40:04"",-1,132.22,132.57,132220,-2,-132262,-44,-350,C"
"Transaktionen,Data,Order,Futures,EUR,FGBL 20240606 M,""2024-04-10, 10:26:27"",1,131.91,131.94,-131910,-2,131912,0,30,O"
"Transaktionen,Data,Order,Futures,EUR,FGBL 20240606 M,""2024-04-10, 10:31:01"",-1,131.84,131.94,131840,-2,-131912,-74,-100,C"
Transaktionen,SubTotal,,Futures,EUR,FGBL 20240606 M,,0,,,-420,-116,0,-536,-420,
Transaktionen,Total,,Futures,EUR,,,,,,-1101,-336,0,-1437,-411,
"Transaktionen,Data,Order,Futures,USD,MCLF4,""2023-11-16, 10:41:27"",1,74.19,73.09,-7419,-3.5,7422.5,0,-110,O"
"Transaktionen,Data,Order,Futures,USD,MCLF4,""2023-11-16, 11:06:58"",-1,73.72,73.09,7372,-3.5,-7422.5,-54,63,C"
"Transaktionen,Data,Order,Futures,USD,MCLF4,""2023-11-20, 03:57:46"",-1,76.27,77.83,7627,-3.5,-7623.5,0,-156,O"
"Transaktionen,Data,Order,Futures,USD,MCLF4,""2023-11-20, 04:27:46"",1,76.73,77.83,-7673,-3.5,7623.5,-53,110,C"
"Transaktionen,Data,Order,Futures,USD,MCLF4,""2023-11-22, 03:40:05"",-1,77.75,77.1,7775,-3.5,-7771.5,0,65,O"
"Transaktionen,Data,Order,Futures,USD,MCLF4,""2023-11-22, 08:34:00"",1,74.87,77.1,-7487,-3.5,7771.5,281,223,C"
"Transaktionen,Data,Order,Futures,USD,MCLF4,""2023-11-23, 09:28:37"",-1,75.56,75.54,7556,-3.5,-7552.5,0,2,O"
"Transaktionen,Data,Order,Futures,USD,MCLF4,""2023-11-23, 10:29:07"",1,75.82,75.54,-7582,-3.5,7552.5,-33,-28,C"
"Transaktionen,Data,Order,Futures,USD,MCLF4,""2023-11-27, 04:19:11"",-1,74.99,74.86,7499,-3.5,-7495.5,0,13,O"
"Transaktionen,Data,Order,Futures,USD,MCLF4,""2023-11-27, 07:39:11"",1,74.89,74.86,-7489,-3.5,7495.5,3,-3,C"
"Transaktionen,Data,Order,Futures,USD,MCLF4,""2023-11-27, 08:12:37"",-1,75.02,74.86,7502,-3.5,-7498.5,0,16,O"
"Transaktionen,Data,Order,Futures,USD,MCLF4,""2023-11-27, 08:13:07"",1,75.02,74.86,-7502,-3.5,7498.5,-7,-16,C"
"Transaktionen,Data,Order,Futures,USD,MCLF4,""2023-11-27, 08:13:53"",-1,75.04,74.86,7504,-3.5,-7500.5,0,18,O"
"Transaktionen,Data,Order,Futures,USD,MCLF4,""2023-11-27, 08:18:57"",1,75.25,74.86,-7525,-3.5,7500.5,-28,-39,C"
"Transaktionen,Data,Order,Futures,USD,MCLF4,""2023-11-27, 08:33:14"",-1,75.1,74.86,7510,-3.5,-7506.5,0,24,O"
"Transaktionen,Data,Order,Futures,USD,MCLF4,""2023-11-27, 08:55:51"",1,75.01,74.86,-7501,-3.5,7506.5,2,-15,C"
"Transaktionen,Data,Order,Futures,USD,MCLF4,""2023-11-29, 07:56:49"",-1,77.75,77.86,7775,-3.5,-7771.5,0,-11,O"
"Transaktionen,Data,Order,Futures,USD,MCLF4,""2023-11-29, 10:28:55"",1,75.99,77.86,-7599,-3.5,7771.5,169,187,C"
"Transaktionen,Data,Order,Futures,USD,MCLF4,""2023-11-29, 10:34:20"",1,75.93,77.86,-7593,-3.5,7596.5,0,193,O"
"Transaktionen,Data,Order,Futures,USD,MCLF4,""2023-11-29, 10:55:15"",-1,76.59,77.86,7659,-3.5,-7596.5,59,-127,C"
"Transaktionen,Data,Order,Futures,USD,MCLF4,""2023-12-05, 08:33:13"",1,72.5,72.32,-7250,-3.5,7253.5,0,-18,O"
"Transaktionen,Data,Order,Futures,USD,MCLF4,""2023-12-05, 08:54:58"",-1,72.54,72.32,7254,-3.5,-7253.5,-3,22,C"
"Transaktionen,Data,Order,Futures,USD,MCLF4,""2023-12-05, 09:01:00"",1,72.66,72.32,-7266,-3.5,7269.5,0,-34,O"
"Transaktionen,Data,Order,Futures,USD,MCLF4,""2023-12-05, 10:19:26"",-1,73.72,72.32,7372,-3.5,-7269.5,99,140,C"
"Transaktionen,Data,Order,Futures,USD,MCLF4,""2023-12-06, 10:03:23"",1,70.68,69.38,-7068,-3.5,7071.5,0,-130,O"
"Transaktionen,Data,Order,Futures,USD,MCLF4,""2023-12-06, 10:51:40"",-1,70.13,69.38,7013,-3.5,-7071.5,-62,75,C"
"Transaktionen,Data,Order,Futures,USD,MCLF4,""2023-12-06, 11:15:31"",-1,69.64,69.38,6964,-3.5,-6960.5,0,26,O"
"Transaktionen,Data,Order,Futures,USD,MCLF4,""2023-12-06, 11:16:08"",1,69.52,69.38,-6952,-3.5,6960.5,5,-14,C"
"Transaktionen,Data,Order,Futures,USD,MCLF4,""2023-12-11, 08:17:54"",1,71.22,71.32,-7122,-3.5,7125.5,0,10,O"
"Transaktionen,Data,Order,Futures,USD,MCLF4,""2023-12-11, 08:59:44"",-1,71,71.32,7100,-3.5,-7125.5,-29,-32,C"
"Transaktionen,Data,Order,Futures,USD,MCLF4,""2023-12-12, 10:11:49"",-1,69.37,68.61,6937,-3.5,-6933.5,0,76,O"
"Transaktionen,Data,Order,Futures,USD,MCLF4,""2023-12-12, 10:40:01"",1,69.32,68.61,-6932,-3.5,6933.5,-2,-71,C"
"Transaktionen,Data,Order,Futures,USD,MCLF4,""2023-12-13, 09:05:01"",-1,68.93,69.47,6893,-3.5,-6889.5,0,-54,O"
"Transaktionen,Data,Order,Futures,USD,MCLF4,""2023-12-15, 09:40:02"",1,71.02,71.43,-7102,-0.62,6889.5,-213.12,41,C;L"
Transaktionen,SubTotal,,Futures,USD,MCLF4,,0,,,250,-116.12,0,133.88,446,
"Transaktionen,Data,Order,Futures,USD,MCLG4,""2023-11-16, 14:36:45"",-1,73.15,73.19,7315,-3.5,-7311.5,0,-4,O"
"Transaktionen,Data,Order,Futures,USD,MCLG4,""2023-11-16, 14:54:43"",1,73.19,73.19,-7319,-3.5,7311.5,-11,0,C"
"Transaktionen,Data,Order,Futures,USD,MCLG4,""2023-12-15, 10:17:00"",-1,71.22,71.78,7122,-3.5,-7118.5,0,-56,O"
"Transaktionen,Data,Order,Futures,USD,MCLG4,""2023-12-15, 10:41:15"",1,71.52,71.78,-7152,-3.5,7118.5,-37,26,C"
"Transaktionen,Data,Order,Futures,USD,MCLG4,""2023-12-18, 10:35:10"",1,73.75,72.82,-7375,-3.5,7378.5,0,-93,O"
"Transaktionen,Data,Order,Futures,USD,MCLG4,""2023-12-18, 11:34:33"",-1,73.58,72.82,7358,-3.5,-7378.5,-24,76,C"
"Transaktionen,Data,Order,Futures,USD,MCLG4,""2023-12-19, 11:06:41"",-1,73.98,73.94,7398,-3.5,-7394.5,0,4,O"
"Transaktionen,Data,Order,Futures,USD,MCLG4,""2023-12-19, 11:06:43"",1,73.98,73.94,-7398,-3.5,7394.5,-7,-4,C"
"Transaktionen,Data,Order,Futures,USD,MCLG4,""2023-12-20, 04:31:57"",-1,74.62,74.22,7462,-3.5,-7458.5,0,40,O"
"Transaktionen,Data,Order,Futures,USD,MCLG4,""2023-12-20, 05:03:08"",1,74.88,74.22,-7488,-3.5,7458.5,-33,-66,C"
"Transaktionen,Data,Order,Futures,USD,MCLG4,""2023-12-20, 05:08:23"",-1,74.87,74.22,7487,-3.5,-7483.5,0,65,O"
"Transaktionen,Data,Order,Futures,USD,MCLG4,""2023-12-20, 11:08:23"",1,74.87,74.22,-7487,-3.5,7483.5,-7,-65,C"
Transaktionen,SubTotal,,Futures,USD,MCLG4,,0,,,-77,-42,0,-119,-77,
"Transaktionen,Data,Order,Futures,USD,MCLZ3,""2023-11-01, 09:00:26"",-1,82.75,80.44,8275,-3.5,-8271.5,0,231,O"
"Transaktionen,Data,Order,Futures,USD,MCLZ3,""2023-11-01, 09:03:00"",-1,83.09,80.44,8309,-3.5,-8305.5,0,265,O"
"Transaktionen,Data,Order,Futures,USD,MCLZ3,""2023-11-01, 10:43:02"",2,82.9,80.44,-16580,-7,16577,-10,-492,C"
"Transaktionen,Data,Order,Futures,USD,MCLZ3,""2023-11-02, 09:31:41"",-1,81.04,82.46,8104,-3.5,-8100.5,0,-142,O"
"Transaktionen,Data,Order,Futures,USD,MCLZ3,""2023-11-02, 09:32:00"",1,81.12,82.46,-8112,-3.5,8100.5,-15,134,C"
"Transaktionen,Data,Order,Futures,USD,MCLZ3,""2023-11-02, 09:32:22"",1,81.16,82.46,-8116,-3.5,8119.5,0,130,O"
"Transaktionen,Data,Order,Futures,USD,MCLZ3,""2023-11-02, 10:38:52"",-1,80.92,82.46,8092,-3.5,-8119.5,-31,-154,C"
"Transaktionen,Data,Order,Futures,USD,MCLZ3,""2023-11-03, 04:52:45"",-1,82.98,80.51,8298,-3.5,-8294.5,0,247,O"
"Transaktionen,Data,Order,Futures,USD,MCLZ3,""2023-11-03, 07:17:40"",1,82.83,80.51,-8283,-3.5,8294.5,8,-232,C"
"Transaktionen,Data,Order,Futures,USD,MCLZ3,""2023-11-03, 09:39:06"",-1,81.88,80.51,8188,-3.5,-8184.5,0,137,O"
"Transaktionen,Data,Order,Futures,USD,MCLZ3,""2023-11-06, 02:25:43"",1,81.36,80.82,-8136,-3.5,8184.5,45,-54,C"
"Transaktionen,Data,Order,Futures,USD,MCLZ3,""2023-11-06, 07:24:29"",-1,81.59,80.82,8159,-3.5,-8155.5,0,77,O"
"Transaktionen,Data,Order,Futures,USD,MCLZ3,""2023-11-07, 05:46:36"",1,79.37,77.37,-7937,-3.5,8155.5,215,-200,C"
"Transaktionen,Data,Order,Futures,USD,MCLZ3,""2023-11-07, 08:28:17"",1,79.12,77.37,-7912,-3.5,7915.5,0,-175,O"
"Transaktionen,Data,Order,Futures,USD,MCLZ3,""2023-11-07, 09:06:08"",-1,79.2,77.37,7920,-3.5,-7915.5,1,183,C"
"Transaktionen,Data,Order,Futures,USD,MCLZ3,""2023-11-07, 09:13:55"",1,78.95,77.37,-7895,-3.5,7898.5,0,-158,O"
"Transaktionen,Data,Order,Futures,USD,MCLZ3,""2023-11-07, 09:34:12"",-1,78.57,77.37,7857,-3.5,-7898.5,-45,120,C"
"Transaktionen,Data,Order,Futures,USD,MCLZ3,""2023-11-09, 06:25:28"",-1,75.79,75.74,7579,-3.5,-7575.5,0,5,O"
"Transaktionen,Data,Order,Futures,USD,MCLZ3,""2023-11-09, 08:13:46"",1,76.12,75.74,-7612,-3.5,7575.5,-40,-38,C"
"Transaktionen,Data,Order,Futures,USD,MCLZ3,""2023-11-14, 08:37:51"",-1,78.49,78.26,7849,-3.5,-7845.5,0,23,O"
"Transaktionen,Data,Order,Futures,USD,MCLZ3,""2023-11-14, 09:06:48"",1,78.98,78.26,-7898,-3.5,7845.5,-56,-72,C"
"Transaktionen,Data,Order,Futures,USD,MCLZ3,""2023-11-15, 07:42:46"",1,77.97,76.66,-7797,-3.5,7800.5,0,-131,O"
"Transaktionen,Data,Order,Futures,USD,MCLZ3,""2023-11-16, 09:24:30"",-1,74.85,72.9,7485,-3.5,-7800.5,-319,195,C"
Transaktionen,SubTotal,,Futures,USD,MCLZ3,,0,,,-163,-84,0,-247,-101,
"Transaktionen,Data,Order,Futures,USD,MESH4,""2023-12-07, 09:33:34"",-1,4627.25,4640.5,23136.25,-1.25,-23135,0,-66.25,O"
"Transaktionen,Data,Order,Futures,USD,MESH4,""2023-12-07, 09:52:58"",1,4627.25,4640.5,-23136.25,-1.25,23135,-2.5,66.25,C"
"Transaktionen,Data,Order,Futures,USD,MESH4,""2024-01-08, 11:29:39"",-1,4759,4801.25,23795,-1.25,-23793.75,0,-211.25,O"
"Transaktionen,Data,Order,Futures,USD,MESH4,""2024-01-08, 12:39:35"",1,4768.25,4801.25,-23841.25,-1.25,23793.75,-48.75,165,C"
"Transaktionen,Data,Order,Futures,USD,MESH4,""2024-01-09, 08:32:46"",-1,4777,4792.75,23885,-1.25,-23883.75,0,-78.75,O"
"Transaktionen,Data,Order,Futures,USD,MESH4,""2024-01-09, 10:15:32"",1,4781,4792.75,-23905,-1.25,23883.75,-22.5,58.75,C"
"Transaktionen,Data,Order,Futures,USD,MESH4,""2024-01-10, 11:40:32"",-1,4801.75,4820.25,24008.75,-1.25,-24007.5,0,-92.5,O"
"Transaktionen,Data,Order,Futures,USD,MESH4,""2024-01-10, 13:05:09"",1,4813.25,4820.25,-24066.25,-1.25,24007.5,-60,35,C"
"Transaktionen,Data,Order,Futures,USD,MESH4,""2024-01-17, 09:00:44"",-1,4767.25,4771.25,23836.25,-1.25,-23835,0,-20,O"
"Transaktionen,Data,Order,Futures,USD,MESH4,""2024-01-17, 10:04:11"",1,4766.75,4771.25,-23833.75,-1.25,23835,0,22.5,C"
"Transaktionen,Data,Order,Futures,USD,MESH4,""2024-01-17, 10:08:41"",1,4768.5,4771.25,-23842.5,-1.25,23843.75,0,13.75,O"
"Transaktionen,Data,Order,Futures,USD,MESH4,""2024-01-17, 10:20:00"",-1,4762.75,4771.25,23813.75,-1.25,-23843.75,-31.25,-42.5,C"
"Transaktionen,Data,Order,Futures,USD,MESH4,""2024-01-23, 11:49:22"",1,4877,4895,-24385,-1.25,24386.25,0,90,O"
"Transaktionen,Data,Order,Futures,USD,MESH4,""2024-01-23, 11:49:51"",1,4876.75,4895,-24383.75,-1.25,24385,0,91.25,O"
"Transaktionen,Data,Order,Futures,USD,MESH4,""2024-01-23, 11:53:48"",-1,4877.75,4895,24388.75,-1.25,-24386.25,1.25,-86.25,C"
"Transaktionen,Data,Order,Futures,USD,MESH4,""2024-01-23, 12:04:29"",-1,4878.25,4895,24391.25,-1.25,-24385,5,-83.75,C"
"Transaktionen,Data,Order,Futures,USD,MESH4,""2024-02-13, 08:46:02"",-1,4982.25,4971.25,24911.25,-1.25,-24910,0,55,O"
"Transaktionen,Data,Order,Futures,USD,MESH4,""2024-02-13, 09:35:20"",1,4981,4971.25,-24905,-1.25,24910,3.75,-48.75,C"
"Transaktionen,Data,Order,Futures,USD,MESH4,""2024-02-13, 09:53:25"",-1,4966.5,4971.25,24832.5,-1.25,-24831.25,0,-23.75,O"
"Transaktionen,Data,Order,Futures,USD,MESH4,""2024-02-23, 09:32:00"",1,5120.25,5101.5,-25601.25,-1.25,24831.25,-771.25,-93.75,C"
Transaktionen,SubTotal,,Futures,USD,MESH4,,0,,,-901.25,-25,0,-926.25,-250,
"Transaktionen,Data,Order,Futures,USD,MESM4,""2024-04-02, 09:24:22"",-1,5250.75,5260.5,26253.75,-1.25,-26252.5,0,-48.75,O"
"Transaktionen,Data,Order,Futures,USD,MESM4,""2024-04-02, 15:50:00"",1,5260.25,5260.5,-26301.25,-1.25,26252.5,-50,1.25,C"
"Transaktionen,Data,Order,Futures,USD,MESM4,""2024-04-03, 03:42:07"",1,5253.25,5266.5,-26266.25,-1.25,26267.5,0,66.25,O"
"Transaktionen,Data,Order,Futures,USD,MESM4,""2024-04-03, 12:38:25"",-1,5267,5266.5,26335,-1.25,-26267.5,66.25,2.5,C"
"Transaktionen,Data,Order,Futures,USD,MESM4,""2024-04-09, 10:36:00"",-1,5233.25,5260.25,26166.25,-1.25,-26165,0,-135,O"
"Transaktionen,Data,Order,Futures,USD,MESM4,""2024-04-09, 10:59:51"",1,5220.5,5260.25,-26102.5,-1.25,26165,61.25,198.75,C"
"Transaktionen,Data,Order,Futures,USD,MESM4,""2024-04-09, 11:32:38"",-1,5226,5260.25,26130,-1.25,-26128.75,0,-171.25,O"
"Transaktionen,Data,Order,Futures,USD,MESM4,""2024-04-09, 12:12:38"",1,5242.25,5260.25,-26211.25,-1.25,26128.75,-83.75,90,C"
"Transaktionen,Data,Order,Futures,USD,MESM4,""2024-04-10, 09:32:28"",-1,5196.5,5207.75,25982.5,-1.25,-25981.25,0,-56.25,O"
"Transaktionen,Data,Order,Futures,USD,MESM4,""2024-04-17, 09:13:01"",1,5116.5,5062.25,-25582.5,-1.25,25981.25,397.5,-271.25,C"
"Transaktionen,Data,Order,Futures,USD,MESM4,""2024-04-19, 10:58:21"",-1,5038,5003.75,25190,-1.25,-25188.75,0,171.25,O"
Transaktionen,SubTotal,,Futures,USD,MESM4,,-1,,,25593.75,-13.75,-25188.75,391.25,-152.5,
"Transaktionen,Data,Order,Futures,USD,MESZ3,""2023-11-10, 06:43:56"",-1,4357.5,4430.5,21787.5,-1.25,-21786.25,0,-365,O"
"Transaktionen,Data,Order,Futures,USD,MESZ3,""2023-11-13, 11:24:23"",1,4426.5,4425.25,-22132.5,-1.25,21786.25,-347.5,-6.25,C"
"Transaktionen,Data,Order,Futures,USD,MESZ3,""2023-12-08, 09:31:10"",1,4583.5,4607.5,-22917.5,-1.25,22918.75,0,120,O"
"Transaktionen,Data,Order,Futures,USD,MESZ3,""2023-12-08, 10:13:12"",-1,4602,4607.5,23010,-1.25,-22918.75,90,-27.5,C"
Transaktionen,SubTotal,,Futures,USD,MESZ3,,0,,,-252.5,-5,0,-257.5,-278.75,
"Transaktionen,Data,Order,Futures,USD,MGCG4,""2023-11-30, 08:35:04"",-1,2059.5,2057.2,20595,-3.5,-20591.5,0,23,O"
"Transaktionen,Data,Order,Futures,USD,MGCG4,""2023-11-30, 08:47:35"",1,2060.1,2057.2,-20601,-3.5,20591.5,-13,-29,C"
"Transaktionen,Data,Order,Futures,USD,MGCG4,""2023-11-30, 08:57:51"",1,2054.9,2057.2,-20549,-3.5,20552.5,0,23,O"
"Transaktionen,Data,Order,Futures,USD,MGCG4,""2023-11-30, 09:33:49"",1,2055.5,2057.2,-20555,-3.5,20558.5,0,17,O"
"Transaktionen,Data,Order,Futures,USD,MGCG4,""2023-11-30, 09:42:00"",-2,2051.2,2057.2,41024,-7,-41111,-94,-120,C"
"Transaktionen,Data,Order,Futures,USD,MGCG4,""2023-12-08, 09:02:33"",-1,2034.1,2014.5,20341,-3.5,-20337.5,0,196,O"
"Transaktionen,Data,Order,Futures,USD,MGCG4,""2023-12-08, 09:29:58"",1,2021.9,2014.5,-20219,-3.5,20337.5,115,-74,C"
Transaktionen,SubTotal,,Futures,USD,MGCG4,,0,,,36,-28,0,8,36,
"Transaktionen,Data,Order,Futures,USD,MGCZ3,""2023-11-08, 05:46:32"",-1,1966.7,1957.8,19667,-3.5,-19663.5,0,89,O"
"Transaktionen,Data,Order,Futures,USD,MGCZ3,""2023-11-08, 20:08:39"",1,1958.1,1969.8,-19581,-3.5,19663.5,79,117,C"
"Transaktionen,Data,Order,Futures,USD,MGCZ3,""2023-11-09, 04:56:23"",1,1952.1,1969.8,-19521,-3.5,19524.5,0,177,O"
"Transaktionen,Data,Order,Futures,USD,MGCZ3,""2023-11-09, 13:03:06"",-1,1964.2,1969.8,19642,-3.5,-19524.5,114,-56,C"
"Transaktionen,Data,Order,Futures,USD,MGCZ3,""2023-11-10, 05:45:46"",-1,1957.2,1937.7,19572,-3.5,-19568.5,0,195,O"
"Transaktionen,Data,Order,Futures,USD,MGCZ3,""2023-11-13, 09:32:26"",1,1940.2,1950.2,-19402,-3.5,19568.5,163,100,C"
"Transaktionen,Data,Order,Futures,USD,MGCZ3,""2023-11-13, 09:49:32"",1,1937.3,1950.2,-19373,-3.5,19376.5,0,129,O"
"Transaktionen,Data,Order,Futures,USD,MGCZ3,""2023-11-13, 09:59:56"",-1,1936.5,1950.2,19365,-3.5,-19376.5,-15,-137,C"
"Transaktionen,Data,Order,Futures,USD,MGCZ3,""2023-11-22, 03:44:22"",-1,2002.1,1992.8,20021,-3.5,-20017.5,0,93,O"
"Transaktionen,Data,Order,Futures,USD,MGCZ3,""2023-11-22, 04:53:24"",1,2005.1,1992.8,-20051,-3.5,20017.5,-37,-123,C"
"Transaktionen,Data,Order,Futures,USD,MGCZ3,""2023-11-27, 11:31:49"",1,2009.3,2012.4,-20093,-3.5,20096.5,0,31,O"
"Transaktionen,Data,Order,Futures,USD,MGCZ3,""2023-11-27, 11:38:27"",-1,2007,2012.4,20070,-3.5,-20096.5,-30,-54,C"
Transaktionen,SubTotal,,Futures,USD,MGCZ3,,0,,,316,-42,0,274,561,
"Transaktionen,Data,Order,Futures,USD,MNQH4,""2023-12-20, 15:30:04"",-1,16798.25,16766.25,33596.5,-1.25,-33595.25,0,64,O"
"Transaktionen,Data,Order,Futures,USD,MNQH4,""2023-12-21, 01:02:42"",1,16844,16956.5,-33688,-0.47,33595.25,-93.22,225,C;L"
"Transaktionen,Data,Order,Futures,USD,MNQH4,""2023-12-21, 02:10:55"",1,16851.25,16956.5,-33702.5,-1.25,33703.75,0,210.5,O"
"Transaktionen,Data,Order,Futures,USD,MNQH4,""2023-12-21, 11:59:58"",-1,16876.25,16956.5,33752.5,-1.25,-33703.75,47.5,-160.5,C"
"Transaktionen,Data,Order,Futures,USD,MNQH4,""2023-12-26, 10:03:32"",-1,17043.5,17083.5,34087,-1.25,-34085.75,0,-80,O"
"Transaktionen,Data,Order,Futures,USD,MNQH4,""2023-12-26, 10:21:12"",1,17052,17083.5,-34104,-1.25,34085.75,-19.5,63,C"
"Transaktionen,Data,Order,Futures,USD,MNQH4,""2023-12-28, 12:52:27"",-1,17125.5,17090.5,34251,-1.25,-34249.75,0,70,O"
"Transaktionen,Data,Order,Futures,USD,MNQH4,""2023-12-28, 13:37:09"",1,17135.5,17090.5,-34271,-1.25,34249.75,-22.5,-90,C"
"Transaktionen,Data,Order,Futures,USD,MNQH4,""2024-01-02, 10:43:50"",1,16703.25,16720,-33406.5,-1.25,33407.75,0,33.5,O"
"Transaktionen,Data,Order,Futures,USD,MNQH4,""2024-01-02, 12:17:42"",-1,16756.5,16720,33513,-1.25,-33407.75,104,73,C"
"Transaktionen,Data,Order,Futures,USD,MNQH4,""2024-01-03, 11:09:22"",-1,16594.75,16538,33189.5,-1.25,-33188.25,0,113.5,O"
"Transaktionen,Data,Order,Futures,USD,MNQH4,""2024-01-03, 11:44:26"",1,16577,16538,-33154,-1.25,33188.25,33,-78,C"
"Transaktionen,Data,Order,Futures,USD,MNQH4,""2024-01-17, 13:35:37"",-1,16759,16869.75,33518,-1.25,-33516.75,0,-221.5,O"
"Transaktionen,Data,Order,Futures,USD,MNQH4,""2024-01-17, 15:45:22"",1,16845,16869.75,-33690,-1.25,33516.75,-174.5,49.5,C"
"Transaktionen,Data,Order,Futures,USD,MNQH4,""2024-01-18, 11:12:26"",-1,17050,17110,34100,-1.25,-34098.75,0,-120,O"
"Transaktionen,Data,Order,Futures,USD,MNQH4,""2024-01-18, 13:44:14"",1,17017.5,17110,-34035,-1.25,34098.75,62.5,185,C"
"Transaktionen,Data,Order,Futures,USD,MNQH4,""2024-01-22, 09:58:19"",-1,17529.25,17458.5,35058.5,-1.25,-35057.25,0,141.5,O"
"Transaktionen,Data,Order,Futures,USD,MNQH4,""2024-01-22, 11:05:40"",1,17462.25,17458.5,-34924.5,-1.25,35057.25,131.5,-7.5,C"
"Transaktionen,Data,Order,Futures,USD,MNQH4,""2024-01-22, 11:14:39"",1,17477.75,17458.5,-34955.5,-1.25,34956.75,0,-38.5,O"
"Transaktionen,Data,Order,Futures,USD,MNQH4,""2024-01-22, 11:40:04"",-1,17488,17458.5,34976,-1.25,-34956.75,18,59,C"
"Transaktionen,Data,Order,Futures,USD,MNQH4,""2024-01-23, 09:36:47"",1,17445.25,17531.25,-34890.5,-1.25,34891.75,0,172,O"
"Transaktionen,Data,Order,Futures,USD,MNQH4,""2024-01-23, 09:40:36"",-1,17462.25,17531.25,34924.5,-1.25,-34891.75,31.5,-138,C"
"Transaktionen,Data,Order,Futures,USD,MNQH4,""2024-01-23, 09:55:17"",-1,17486.25,17531.25,34972.5,-1.25,-34971.25,0,-90,O"
"Transaktionen,Data,Order,Futures,USD,MNQH4,""2024-01-23, 10:00:48"",1,17481.75,17531.25,-34963.5,-1.25,34971.25,6.5,99,C"
"Transaktionen,Data,Order,Futures,USD,MNQH4,""2024-01-23, 10:22:12"",-2,17449.75,17531.25,69799,-2.5,-69796.5,0,-326,O"
"Transaktionen,Data,Order,Futures,USD,MNQH4,""2024-01-23, 10:25:12"",2,17444.75,17531.25,-69779,-2.5,69796.5,15,346,C"
"Transaktionen,Data,Order,Futures,USD,MNQH4,""2024-01-23, 10:40:47"",1,17467,17531.25,-34934,-1.25,34935.25,0,128.5,O"
"Transaktionen,Data,Order,Futures,USD,MNQH4,""2024-01-23, 10:45:27"",-1,17457,17531.25,34914,-1.25,-34935.25,-22.5,-148.5,C"
"Transaktionen,Data,Order,Futures,USD,MNQH4,""2024-01-26, 10:48:24"",-1,17603.25,17527,35206.5,-1.25,-35205.25,0,152.5,O"
"Transaktionen,Data,Order,Futures,USD,MNQH4,""2024-01-26, 13:08:23"",1,17531.5,17527,-35063,-1.25,35205.25,141,-9,C"
"Transaktionen,Data,Order,Futures,USD,MNQH4,""2024-01-29, 11:18:23"",-1,17557,17706,35114,-1.25,-35112.75,0,-298,O"
"Transaktionen,Data,Order,Futures,USD,MNQH4,""2024-01-29, 14:10:53"",1,17609.5,17706,-35219,-1.25,35112.75,-107.5,193,C"
"Transaktionen,Data,Order,Futures,USD,MNQH4,""2024-01-30, 15:47:49"",-1,17592,17588.5,35184,-1.25,-35182.75,0,7,O"
"Transaktionen,Data,Order,Futures,USD,MNQH4,""2024-01-31, 07:58:24"",1,17430,17242.25,-34860,-1.25,35182.75,321.5,-375.5,C"
"Transaktionen,Data,Order,Futures,USD,MNQH4,""2024-01-31, 08:40:03"",-1,17407.75,17242.25,34815.5,-1.25,-34814.25,0,331,O"
"Transaktionen,Data,Order,Futures,USD,MNQH4,""2024-01-31, 09:10:30"",1,17402,17242.25,-34804,-1.25,34814.25,9,-319.5,C"
"Transaktionen,Data,Order,Futures,USD,MNQH4,""2024-01-31, 09:27:53"",-1,17395.25,17242.25,34790.5,-1.25,-34789.25,0,306,O"
"Transaktionen,Data,Order,Futures,USD,MNQH4,""2024-01-31, 12:01:04"",1,17345,17242.25,-34690,-1.25,34789.25,98,-205.5,C"
"Transaktionen,Data,Order,Futures,USD,MNQH4,""2024-01-31, 14:30:36"",-1,17334.75,17242.25,34669.5,-1.25,-34668.25,0,185,O"
"Transaktionen,Data,Order,Futures,USD,MNQH4,""2024-01-31, 14:39:12"",1,17400,17242.25,-34800,-1.25,34668.25,-133,-315.5,C"
"Transaktionen,Data,Order,Futures,USD,MNQH4,""2024-02-02, 08:33:30"",-1,17533.5,17732.75,35067,-1.25,-35065.75,0,-398.5,O"
"Transaktionen,Data,Order,Futures,USD,MNQH4,""2024-02-02, 09:34:33"",1,17518.75,17732.75,-35037.5,-1.25,35065.75,27,428,C"
"Transaktionen,Data,Order,Futures,USD,MNQH4,""2024-02-02, 09:52:13"",-1,17571,17732.75,35142,-1.25,-35140.75,0,-323.5,O"
"Transaktionen,Data,Order,Futures,USD,MNQH4,""2024-02-05, 11:33:40"",1,17634.75,17700,-35269.5,-1.25,35140.75,-130,130.5,C"
"Transaktionen,Data,Order,Futures,USD,MNQH4,""2024-02-06, 10:02:07"",-1,17642.75,17660,35285.5,-1.25,-35284.25,0,-34.5,O"
"Transaktionen,Data,Order,Futures,USD,MNQH4,""2024-02-06, 10:04:00"",1,17641,17660,-35282,-1.25,35284.25,1,38,C"
"Transaktionen,Data,Order,Futures,USD,MNQH4,""2024-02-06, 10:05:52"",-1,17632.25,17660,35264.5,-1.25,-35263.25,0,-55.5,O"
"Transaktionen,Data,Order,Futures,USD,MNQH4,""2024-02-06, 10:18:07"",1,17653,17660,-35306,-1.25,35263.25,-44,14,C"
"Transaktionen,Data,Order,Futures,USD,MNQH4,""2024-02-08, 10:17:07"",-1,17850.5,17868.25,35701,-1.25,-35699.75,0,-35.5,O"
"Transaktionen,Data,Order,Futures,USD,MNQH4,""2024-02-08, 10:50:42"",1,17880.5,17868.25,-35761,-1.25,35699.75,-62.5,-24.5,C"
"Transaktionen,Data,Order,Futures,USD,MNQH4,""2024-02-21, 13:28:32"",-1,17455,17536.75,34910,-1.25,-34908.75,0,-163.5,O"
"Transaktionen,Data,Order,Futures,USD,MNQH4,""2024-02-21, 15:35:07"",1,17454,17536.75,-34908,-1.25,34908.75,-0.5,165.5,C"
"Transaktionen,Data,Order,Futures,USD,MNQH4,""2024-02-21, 15:59:23"",-1,17536.75,17536.75,35073.5,-1.25,-35072.25,0,0,O"
"Transaktionen,Data,Order,Futures,USD,MNQH4,""2024-02-23, 09:31:07"",1,18117.75,17991,-36235.5,-1.25,35072.25,-1164.5,-253.5,C"
"Transaktionen,Data,Order,Futures,USD,MNQH4,""2024-03-08, 11:48:09"",-1,18161.5,18046.75,36323,-1.25,-36321.75,0,229.5,O"
"Transaktionen,Data,Order,Futures,USD,MNQH4,""2024-03-08, 12:31:17"",1,18198.75,18046.75,-36397.5,-1.25,36321.75,-77,-304,C"
Transaktionen,SubTotal,,Futures,USD,MNQH4,,0,,,-932.5,-71.72,0,-1004.22,-401.5,
"Transaktionen,Data,Order,Futures,USD,MNQM4,""2024-03-05, 12:03:25"",-1,18182.5,18171.5,36365,-1.25,-36363.75,0,22,O"
"Transaktionen,Data,Order,Futures,USD,MNQM4,""2024-03-05, 12:11:54"",1,18196.25,18171.5,-36392.5,-1.25,36363.75,-30,-49.5,C"
"Transaktionen,Data,Order,Futures,USD,MNQM4,""2024-03-11, 10:52:36"",1,18237.25,18216.25,-36474.5,-1.25,36475.75,0,-42,O"
"Transaktionen,Data,Order,Futures,USD,MNQM4,""2024-03-11, 11:10:55"",-1,18218,18216.25,36436,-1.25,-36475.75,-41,3.5,C"
"Transaktionen,Data,Order,Futures,USD,MNQM4,""2024-03-11, 11:32:40"",-1,18170.75,18216.25,36341.5,-1.25,-36340.25,0,-91,O"
"Transaktionen,Data,Order,Futures,USD,MNQM4,""2024-03-11, 11:47:02"",1,18215.75,18216.25,-36431.5,-1.25,36340.25,-92.5,1,C"
Transaktionen,SubTotal,,Futures,USD,MNQM4,,0,,,-156,-7.5,0,-163.5,-156,
"Transaktionen,Data,Order,Futures,USD,MNQZ3,""2023-11-21, 09:44:17"",-1,16010,15990.25,32020,-1.25,-32018.75,0,39.5,O"
"Transaktionen,Data,Order,Futures,USD,MNQZ3,""2023-11-21, 11:52:12"",1,15959.5,15990.25,-31919,-1.25,32018.75,98.5,61.5,C"
"Transaktionen,Data,Order,Futures,USD,MNQZ3,""2023-11-21, 11:56:53"",-1,15958,15990.25,31916,-1.25,-31914.75,0,-64.5,O"
"Transaktionen,Data,Order,Futures,USD,MNQZ3,""2023-11-21, 12:13:35"",1,15965.25,15990.25,-31930.5,-1.25,31914.75,-17,50,C"
"Transaktionen,Data,Order,Futures,USD,MNQZ3,""2023-12-07, 11:04:39"",-1,15986.75,16038.75,31973.5,-1.25,-31972.25,0,-104,O"
"Transaktionen,Data,Order,Futures,USD,MNQZ3,""2023-12-08, 08:57:09"",1,15975.5,16098.25,-31951,-1.25,31972.25,20,245.5,C"
Transaktionen,SubTotal,,Futures,USD,MNQZ3,,0,,,109,-7.5,0,101.5,228,
"Transaktionen,Data,Order,Futures,USD,MYM  DEC 23,""2023-11-22, 08:44:28"",-1,35194,35318,17597,-1.25,-17595.75,0,-62,O"
"Transaktionen,Data,Order,Futures,USD,MYM  DEC 23,""2023-11-22, 09:01:23"",1,35212,35318,-17606,-1.25,17595.75,-11.5,53,C"
Transaktionen,SubTotal,,Futures,USD,MYM  DEC 23,,0,,,-9,-2.5,0,-11.5,-9,
Transaktionen,Total,,Futures,USD,,,,,,23813.5,-445.09,-25188.75,-1820.34,-154.75,
Transaktionen,Total,,Futures,EUR,,,,,,22315.8480125,-411.0656839,-23576.9957425,-1672.2134139,-148.12921,
Transaktionen,Header,DataDiscriminator,Vermögenswertkategorie,Währung,Symbol,Datum/Zeit,Menge,T.-Kurs,,Erlös,Provisionseink. EUR,,,MTM in EUR,Code
"Transaktionen,Data,Order,Devisen,USD,EUR.USD,""2024-01-09, 05:09:19"",""-6,000"",1.09365,,6561.9,-3.4245375,,,2.82612,"
Transaktionen,SubTotal,,Devisen,USD,EUR.USD,,-6000,,,6561.9,-3.4245375,,,2.82612,
Transaktionen,Total,,Devisen,USD,,,,,,6561.9,-3.4245375,,,2.82612,
Transaktionen,Total,,Devisen,EUR,,,,,,6002.82612,-3.4245375,,,2.82612,
Transaktionen,Header,DataDiscriminator,Vermögenswertkategorie,Währung,Symbol,Datum/Zeit,Menge,T.-Kurs,Schlussk.,Erlös,Prov./Gebühr,Basis,Realisierter G&V,MTM-G&V,Code
"Transaktionen,Data,Order,Anleihen,USD,T 4 1/8 01/31/25 5.69230585%,""2024-01-02, 09:39:15"",""-1,000"",99.3824775,99.402344,993.82,-10,-987.664,-3.844,-0.2034,C"
"Transaktionen,Data,Order,Anleihen,USD,T 4 1/8 01/31/25 4.90734106%,""2024-01-02, 09:41:48"",""-9,000"",99.38638375,99.402344,8944.77,-18,-8888.976,37.794,-1.441,C"
Transaktionen,SubTotal,,Anleihen,USD,T 4 1/8 01/31/25,,-10000,,,9938.59,-28,-9876.64,33.95,-1.6444,
Transaktionen,Total,,Anleihen,USD,,,,,,9938.59,-28,-9876.64,33.95,-1.6444,
Transaktionen,Total,,Anleihen,EUR,,,,,,9083.2749446,-25.59032,-9026.6563616,31.028263,-1.502882936,
Transaktionen,Header,DataDiscriminator,Vermögenswertkategorie,Währung,Symbol,Datum/Zeit,Menge,T.-Kurs,Schlussk.,Erlös,Prov./Gebühr,Basis,Realisierter G&V,MTM-G&V,Code
"Transaktionen,Data,Order,US-Schatzanweisung,USD,912797JC2 5.29080606%,""2024-01-02, 09:46:33"",""10,000"",99.5027972,99.487639,-9950.28,-20,9970.28,0,-1.5161,O"
Transaktionen,SubTotal,,US-Schatzanweisung,USD,912797JC2,,10000,,,-9950.28,-20,9970.28,0,-1.5161,
Transaktionen,Total,,US-Schatzanweisung,USD,,,,,,-9950.28,-20,9970.28,0,-1.5161,
Transaktionen,Total,,US-Schatzanweisung,EUR,,,,,,-9093.9589032,-18.2788,9112.2377032,0,-1.385624434,
